ID;Date;T[°C];RH[%rH];
1;01/02/2023 09:55:00;20,5;48,2;
2;01/02/2023 10:00:00;21,8;40;
3;01/02/2023 10:05:00;21,8;39,8;
4;01/02/2023 10:10:00;21,9;39,6;
5;01/02/2023 10:15:00;22;39,2;
6;01/02/2023 10:20:00;22,1;39;
7;01/02/2023 10:25:00;22,1;38,9;
8;01/02/2023 10:30:00;22,1;38,7;
9;01/02/2023 10:35:00;22,2;38,3;
10;01/02/2023 10:40:00;22,2;38,3;
11;01/02/2023 10:45:00;22,2;38,1;
12;01/02/2023 10:50:00;22,2;38,1;
13;01/02/2023 10:55:00;22,3;37,9;
14;01/02/2023 11:00:00;22,3;37,9;
15;01/02/2023 11:05:00;22,4;37,9;
16;01/02/2023 11:10:00;22,4;37,5;
17;01/02/2023 11:15:00;22,4;37,6;
18;01/02/2023 11:20:00;22,4;37,5;
19;01/02/2023 11:25:00;22,4;37,2;
20;01/02/2023 11:30:00;22,4;37;
21;01/02/2023 11:35:00;22,5;37,1;
22;01/02/2023 11:40:00;22,5;37;
23;01/02/2023 11:45:00;22,5;36,9;
24;01/02/2023 11:50:00;22,5;36,9;
25;01/02/2023 11:55:00;22,5;36,9;
26;01/02/2023 12:00:00;22,5;36,9;
27;01/02/2023 12:05:00;22,6;36,7;
28;01/02/2023 12:10:00;22,6;36,9;
29;01/02/2023 12:15:00;22,6;36,8;
30;01/02/2023 12:20:00;22,6;36,8;
31;01/02/2023 12:25:00;22,6;36,6;
32;01/02/2023 12:30:00;22,7;36,7;
33;01/02/2023 12:35:00;22,7;36,4;
34;01/02/2023 12:40:00;22,7;36,4;
35;01/02/2023 12:45:00;22,7;36,2;
36;01/02/2023 12:50:00;22,7;36,1;
37;01/02/2023 12:55:00;22,7;35,9;
38;01/02/2023 13:00:00;22,7;35,9;
39;01/02/2023 13:05:00;22,7;35,8;
40;01/02/2023 13:10:00;22,7;35,7;
41;01/02/2023 13:15:00;22,7;35,6;
42;01/02/2023 13:20:00;22,7;35,6;
43;01/02/2023 13:25:00;22,7;35,5;
44;01/02/2023 13:30:00;22,8;35,4;
45;01/02/2023 13:35:00;22,8;35,1;
46;01/02/2023 13:40:00;22,8;35,1;
47;01/02/2023 13:45:00;22,8;35,1;
48;01/02/2023 13:50:00;22,8;35,1;
49;01/02/2023 13:55:00;22,8;35,1;
50;01/02/2023 14:00:00;22,9;35,1;
51;01/02/2023 14:05:00;22,9;35;
52;01/02/2023 14:10:00;22,9;35;
53;01/02/2023 14:15:00;22,9;34,9;
54;01/02/2023 14:20:00;22,9;35;
55;01/02/2023 14:25:00;22,9;34,9;
56;01/02/2023 14:30:00;22,9;34,9;
57;01/02/2023 14:35:00;22,9;34,9;
58;01/02/2023 14:40:00;22,9;34,8;
59;01/02/2023 14:45:00;23;34,7;
60;01/02/2023 14:50:00;22,9;34,7;
61;01/02/2023 14:55:00;23;34,7;
62;01/02/2023 15:00:00;23;34,7;
63;01/02/2023 15:05:00;23;34,6;
64;01/02/2023 15:10:00;23;34,7;
65;01/02/2023 15:15:00;23;34,6;
66;01/02/2023 15:20:00;23;34,5;
67;01/02/2023 15:25:00;23;34,4;
68;01/02/2023 15:30:00;23;34,3;
69;01/02/2023 15:35:00;23;34,4;
70;01/02/2023 15:40:00;23;34,3;
71;01/02/2023 15:45:00;23;34,2;
72;01/02/2023 15:50:00;23;34,2;
73;01/02/2023 15:55:00;23;34,4;
74;01/02/2023 16:00:00;23;34,4;
75;01/02/2023 16:05:00;23;34,3;
76;01/02/2023 16:10:00;22,9;34,4;
77;01/02/2023 16:15:00;22,9;34,4;
78;01/02/2023 16:20:00;22,9;34,3;
79;01/02/2023 16:25:00;22,9;34,3;
80;01/02/2023 16:30:00;22,9;34,2;
81;01/02/2023 16:35:00;22,8;34,2;
82;01/02/2023 16:40:00;22,8;34,2;
83;01/02/2023 16:45:00;22,8;34,4;
84;01/02/2023 16:50:00;22,8;34,3;
85;01/02/2023 16:55:00;22,8;34,3;
86;01/02/2023 17:00:00;22,8;34,2;
87;01/02/2023 17:05:00;22,8;34,3;
88;01/02/2023 17:10:00;22,8;34,3;
89;01/02/2023 17:15:00;22,7;34,3;
90;01/02/2023 17:20:00;22,7;34,4;
91;01/02/2023 17:25:00;22,7;34,3;
92;01/02/2023 17:30:00;22,7;34,4;
93;01/02/2023 17:35:00;22,7;34,4;
94;01/02/2023 17:40:00;22,6;34,3;
95;01/02/2023 17:45:00;22,6;34,5;
96;01/02/2023 17:50:00;22,6;34,4;
97;01/02/2023 17:55:00;22,6;34,5;
98;01/02/2023 18:00:00;22,6;34,5;
99;01/02/2023 18:05:00;22,6;34,6;
100;01/02/2023 18:10:00;22,6;34,7;
101;01/02/2023 18:15:00;22,6;34,7;
102;01/02/2023 18:20:00;22,6;34,7;
103;01/02/2023 18:25:00;22,6;34,7;
104;01/02/2023 18:30:00;22,5;34,8;
105;01/02/2023 18:35:00;22,5;34,8;
106;01/02/2023 18:40:00;22,5;34,8;
107;01/02/2023 18:45:00;22,5;34,8;
108;01/02/2023 18:50:00;22,5;34,8;
109;01/02/2023 18:55:00;22,5;34,9;
110;01/02/2023 19:00:00;22,5;34,9;
111;01/02/2023 19:05:00;22,5;35;
112;01/02/2023 19:10:00;22,5;35;
113;01/02/2023 19:15:00;22,5;35;
114;01/02/2023 19:20:00;22,5;35,1;
115;01/02/2023 19:25:00;22,5;35,1;
116;01/02/2023 19:30:00;22,4;35,1;
117;01/02/2023 19:35:00;22,4;35,2;
118;01/02/2023 19:40:00;22,4;35,2;
119;01/02/2023 19:45:00;22,4;35,3;
120;01/02/2023 19:50:00;22,4;35,2;
121;01/02/2023 19:55:00;22,4;35,3;
122;01/02/2023 20:00:00;22,4;35,2;
123;01/02/2023 20:05:00;22,4;35,4;
124;01/02/2023 20:10:00;22,4;35,4;
125;01/02/2023 20:15:00;22,4;35,4;
126;01/02/2023 20:20:00;22,4;35,4;
127;01/02/2023 20:25:00;22,4;35,4;
128;01/02/2023 20:30:00;22,4;35,4;
129;01/02/2023 20:35:00;22,4;35,4;
130;01/02/2023 20:40:00;22,4;35,4;
131;01/02/2023 20:45:00;22,4;35,5;
132;01/02/2023 20:50:00;22,4;35,5;
133;01/02/2023 20:55:00;22,4;35,5;
134;01/02/2023 21:00:00;22,4;35,5;
135;01/02/2023 21:05:00;22,4;35,5;
136;01/02/2023 21:10:00;22,4;35,5;
137;01/02/2023 21:15:00;22,3;35,5;
138;01/02/2023 21:20:00;22,3;35,5;
139;01/02/2023 21:25:00;22,3;35,5;
140;01/02/2023 21:30:00;22,3;35,6;
141;01/02/2023 21:35:00;22,3;35,5;
142;01/02/2023 21:40:00;22,3;35,5;
143;01/02/2023 21:45:00;22,3;35,5;
144;01/02/2023 21:50:00;22,3;35,5;
145;01/02/2023 21:55:00;22,3;35,5;
146;01/02/2023 22:00:00;22,3;35,6;
147;01/02/2023 22:05:00;22,3;35,6;
148;01/02/2023 22:10:00;22,3;35,5;
149;01/02/2023 22:15:00;22,3;35,5;
150;01/02/2023 22:20:00;22,3;35,4;
151;01/02/2023 22:25:00;22,3;35,4;
152;01/02/2023 22:30:00;22,3;35,4;
153;01/02/2023 22:35:00;22,3;35,4;
154;01/02/2023 22:40:00;22,3;35,3;
155;01/02/2023 22:45:00;22,3;35,4;
156;01/02/2023 22:50:00;22,3;35,3;
157;01/02/2023 22:55:00;22,3;35,3;
158;01/02/2023 23:00:00;22,3;35,3;
159;01/02/2023 23:05:00;22,3;35,2;
160;01/02/2023 23:10:00;22,3;35,3;
161;01/02/2023 23:15:00;22,3;35,3;
162;01/02/2023 23:20:00;22,3;35,2;
163;01/02/2023 23:25:00;22,3;35,3;
164;01/02/2023 23:30:00;22,3;35,2;
165;01/02/2023 23:35:00;22,2;35,2;
166;01/02/2023 23:40:00;22,3;35,3;
167;01/02/2023 23:45:00;22,2;35,2;
168;01/02/2023 23:50:00;22,2;35,3;
169;01/02/2023 23:55:00;22,2;35,3;
170;02/02/2023 00:00:00;22,2;35,3;
171;02/02/2023 00:05:00;22,2;35,3;
172;02/02/2023 00:10:00;22,2;35,4;
173;02/02/2023 00:15:00;22,2;35,3;
174;02/02/2023 00:20:00;22,2;35,3;
175;02/02/2023 00:25:00;22,2;35,4;
176;02/02/2023 00:30:00;22,2;35,4;
177;02/02/2023 00:35:00;22,2;35,4;
178;02/02/2023 00:40:00;22,2;35,4;
179;02/02/2023 00:45:00;22,2;35,4;
180;02/02/2023 00:50:00;22,2;35,4;
181;02/02/2023 00:55:00;22,2;35,4;
182;02/02/2023 01:00:00;22,2;35,4;
183;02/02/2023 01:05:00;22,2;35,5;
184;02/02/2023 01:10:00;22,2;35,4;
185;02/02/2023 01:15:00;22,2;35,4;
186;02/02/2023 01:20:00;22,2;35,4;
187;02/02/2023 01:25:00;22,2;35,4;
188;02/02/2023 01:30:00;22,2;35,4;
189;02/02/2023 01:35:00;22,2;35,5;
190;02/02/2023 01:40:00;22,2;35,5;
191;02/02/2023 01:45:00;22,2;35,5;
192;02/02/2023 01:50:00;22,2;35,5;
193;02/02/2023 01:55:00;22,2;35,4;
194;02/02/2023 02:00:00;22,2;35,4;
195;02/02/2023 02:05:00;22,1;35,4;
196;02/02/2023 02:10:00;22,1;35,4;
197;02/02/2023 02:15:00;22,1;35,5;
198;02/02/2023 02:20:00;22,1;35,4;
199;02/02/2023 02:25:00;22,1;35,5;
200;02/02/2023 02:30:00;22,1;35,4;
201;02/02/2023 02:35:00;22,1;35,4;
202;02/02/2023 02:40:00;22,1;35,4;
203;02/02/2023 02:45:00;22,1;35,4;
204;02/02/2023 02:50:00;22,1;35,4;
205;02/02/2023 02:55:00;22,1;35,5;
206;02/02/2023 03:00:00;22,1;35,4;
207;02/02/2023 03:05:00;22,1;35,4;
208;02/02/2023 03:10:00;22,1;35,4;
209;02/02/2023 03:15:00;22,1;35,4;
210;02/02/2023 03:20:00;22,1;35,5;
211;02/02/2023 03:25:00;22,1;35,5;
212;02/02/2023 03:30:00;22,1;35,4;
213;02/02/2023 03:35:00;22,1;35,5;
214;02/02/2023 03:40:00;22,1;35,5;
215;02/02/2023 03:45:00;22,1;35,4;
216;02/02/2023 03:50:00;22,1;35,4;
217;02/02/2023 03:55:00;22,1;35,5;
218;02/02/2023 04:00:00;22,1;35,5;
219;02/02/2023 04:05:00;22,1;35,5;
220;02/02/2023 04:10:00;22,1;35,4;
221;02/02/2023 04:15:00;22,1;35,5;
222;02/02/2023 04:20:00;22,1;35,4;
223;02/02/2023 04:25:00;22,1;35,5;
224;02/02/2023 04:30:00;22,1;35,5;
225;02/02/2023 04:35:00;22,1;35,5;
226;02/02/2023 04:40:00;22,1;35,5;
227;02/02/2023 04:45:00;22,1;35,5;
228;02/02/2023 04:50:00;22,1;35,4;
229;02/02/2023 04:55:00;22;35,5;
230;02/02/2023 05:00:00;22;35,5;
231;02/02/2023 05:05:00;22;35,5;
232;02/02/2023 05:10:00;22;35,5;
233;02/02/2023 05:15:00;22;35,5;
234;02/02/2023 05:20:00;22;35,5;
235;02/02/2023 05:25:00;22;35,5;
236;02/02/2023 05:30:00;22;35,5;
237;02/02/2023 05:35:00;22;35,6;
238;02/02/2023 05:40:00;22;35,5;
239;02/02/2023 05:45:00;22;35,5;
240;02/02/2023 05:50:00;22;35,5;
241;02/02/2023 05:55:00;22;35,5;
242;02/02/2023 06:00:00;22;35,5;
243;02/02/2023 06:05:00;22;35,5;
244;02/02/2023 06:10:00;22;35,5;
245;02/02/2023 06:15:00;22;35,6;
246;02/02/2023 06:20:00;22;35,6;
247;02/02/2023 06:25:00;22;35,6;
248;02/02/2023 06:30:00;22;35,6;
249;02/02/2023 06:35:00;22;35,6;
250;02/02/2023 06:40:00;22;35,6;
251;02/02/2023 06:45:00;22;35,6;
252;02/02/2023 06:50:00;22;35,6;
253;02/02/2023 06:55:00;22;35,6;
254;02/02/2023 07:00:00;22;35,6;
255;02/02/2023 07:05:00;21,9;35,6;
256;02/02/2023 07:10:00;22;35,6;
257;02/02/2023 07:15:00;22;35,7;
258;02/02/2023 07:20:00;21,9;35,6;
259;02/02/2023 07:25:00;21,9;35,7;
260;02/02/2023 07:30:00;21,9;35,7;
261;02/02/2023 07:35:00;21,9;35,7;
262;02/02/2023 07:40:00;21,9;35,7;
263;02/02/2023 07:45:00;21,9;35,9;
264;02/02/2023 07:50:00;21,9;36,1;
265;02/02/2023 07:55:00;21,9;36,3;
266;02/02/2023 08:00:00;21,9;36,5;
267;02/02/2023 08:05:00;21,9;36,5;
268;02/02/2023 08:10:00;21,9;36,5;
269;02/02/2023 08:15:00;21,9;36,6;
270;02/02/2023 08:20:00;21,9;36,7;
271;02/02/2023 08:25:00;21,9;36,7;
272;02/02/2023 08:30:00;21,9;36,8;
273;02/02/2023 08:35:00;21,9;36,7;
274;02/02/2023 08:40:00;21,9;36,7;
275;02/02/2023 08:45:00;21,9;36,7;
276;02/02/2023 08:50:00;21,9;36,6;
277;02/02/2023 08:55:00;21,9;36,6;
278;02/02/2023 09:00:00;21,9;36,6;
279;02/02/2023 09:05:00;21,9;36,5;
280;02/02/2023 09:10:00;21,9;36,6;
281;02/02/2023 09:15:00;21,9;36,5;
282;02/02/2023 09:20:00;21,9;36,5;
283;02/02/2023 09:25:00;21,9;36,5;
284;02/02/2023 09:30:00;21,9;36,3;
285;02/02/2023 09:35:00;21,9;36,2;
286;02/02/2023 09:40:00;21,9;36,2;
287;02/02/2023 09:45:00;21,9;36,2;
288;02/02/2023 09:50:00;21,9;36,3;
289;02/02/2023 09:55:00;21,9;36,2;
290;02/02/2023 10:00:00;21,9;36,2;
291;02/02/2023 10:05:00;22;36,2;
292;02/02/2023 10:10:00;22;36,1;
293;02/02/2023 10:15:00;22;36,1;
294;02/02/2023 10:20:00;22;36;
295;02/02/2023 10:25:00;22;36;
296;02/02/2023 10:30:00;22,1;35,9;
297;02/02/2023 10:35:00;22,1;35,9;
298;02/02/2023 10:40:00;22,1;35,9;
299;02/02/2023 10:45:00;22,1;35,8;
300;02/02/2023 10:50:00;22,1;35,8;
301;02/02/2023 10:55:00;22,1;35,8;
302;02/02/2023 11:00:00;22,2;35,8;
303;02/02/2023 11:05:00;22,2;35,8;
304;02/02/2023 11:10:00;22,2;35,7;
305;02/02/2023 11:15:00;22,2;35,7;
306;02/02/2023 11:20:00;22,3;35,7;
307;02/02/2023 11:25:00;22,3;35,6;
308;02/02/2023 11:30:00;22,3;35,6;
309;02/02/2023 11:35:00;22,3;35,6;
310;02/02/2023 11:40:00;22,4;35,6;
311;02/02/2023 11:45:00;22,4;35,6;
312;02/02/2023 11:50:00;22,4;35,6;
313;02/02/2023 11:55:00;22,4;35,6;
314;02/02/2023 12:00:00;22,4;35,6;
315;02/02/2023 12:05:00;22,5;35,8;
316;02/02/2023 12:10:00;22,5;35,8;
317;02/02/2023 12:15:00;22,5;35,8;
318;02/02/2023 12:20:00;22,5;35,7;
319;02/02/2023 12:25:00;22,5;35,7;
320;02/02/2023 12:30:00;22,6;35,7;
321;02/02/2023 12:35:00;22,6;35,7;
322;02/02/2023 12:40:00;22,6;35,7;
323;02/02/2023 12:45:00;22,6;35,8;
324;02/02/2023 12:50:00;22,6;35,8;
325;02/02/2023 12:55:00;22,7;35,9;
326;02/02/2023 13:00:00;22,7;35,9;
327;02/02/2023 13:05:00;22,7;35,8;
328;02/02/2023 13:10:00;22,8;35,7;
329;02/02/2023 13:15:00;22,8;35,5;
330;02/02/2023 13:20:00;22,7;35,5;
331;02/02/2023 13:25:00;22,7;35,5;
332;02/02/2023 13:30:00;22,7;35,6;
333;02/02/2023 13:35:00;22,7;35,6;
334;02/02/2023 13:40:00;22,7;35,7;
335;02/02/2023 13:45:00;22,7;35,8;
336;02/02/2023 13:50:00;22,7;35,9;
337;02/02/2023 13:55:00;22,7;35,9;
338;02/02/2023 14:00:00;22,7;35,9;
339;02/02/2023 14:05:00;22,8;35,9;
340;02/02/2023 14:10:00;22,8;35,9;
341;02/02/2023 14:15:00;22,8;35,8;
342;02/02/2023 14:20:00;22,8;35,8;
343;02/02/2023 14:25:00;22,8;35,8;
344;02/02/2023 14:30:00;22,8;35,8;
345;02/02/2023 14:35:00;22,8;35,9;
346;02/02/2023 14:40:00;22,8;35,9;
347;02/02/2023 14:45:00;22,7;35,9;
348;02/02/2023 14:50:00;22,7;36;
349;02/02/2023 14:55:00;22,7;36;
350;02/02/2023 15:00:00;22,7;35,9;
351;02/02/2023 15:05:00;22,7;36;
352;02/02/2023 15:10:00;22,7;36;
353;02/02/2023 15:15:00;22,7;36;
354;02/02/2023 15:20:00;22,7;36;
355;02/02/2023 15:25:00;22,7;36;
356;02/02/2023 15:30:00;22,7;36;
357;02/02/2023 15:35:00;22,7;36,1;
358;02/02/2023 15:40:00;22,7;36,1;
359;02/02/2023 15:45:00;22,7;36,1;
360;02/02/2023 15:50:00;22,7;36,1;
361;02/02/2023 15:55:00;22,7;36,2;
362;02/02/2023 16:00:00;22,6;36,3;
363;02/02/2023 16:05:00;22,6;36,3;
364;02/02/2023 16:10:00;22,6;36,3;
365;02/02/2023 16:15:00;22,6;36,4;
366;02/02/2023 16:20:00;22,6;36,5;
367;02/02/2023 16:25:00;22,6;36,5;
368;02/02/2023 16:30:00;22,6;36,5;
369;02/02/2023 16:35:00;22,6;36,6;
370;02/02/2023 16:40:00;22,6;36,6;
371;02/02/2023 16:45:00;22,6;36,6;
372;02/02/2023 16:50:00;22,6;36,7;
373;02/02/2023 16:55:00;22,5;36,7;
374;02/02/2023 17:00:00;22,5;36,7;
375;02/02/2023 17:05:00;22,5;36,7;
376;02/02/2023 17:10:00;22,5;36,8;
377;02/02/2023 17:15:00;22,5;36,8;
378;02/02/2023 17:20:00;22,5;36,8;
379;02/02/2023 17:25:00;22,5;36,8;
380;02/02/2023 17:30:00;22,5;36,8;
381;02/02/2023 17:35:00;22,4;36,9;
382;02/02/2023 17:40:00;22,4;36,9;
383;02/02/2023 17:45:00;22,4;37;
384;02/02/2023 17:50:00;22,4;37;
385;02/02/2023 17:55:00;22,4;37;
386;02/02/2023 18:00:00;22,4;37;
387;02/02/2023 18:05:00;22,4;37;
388;02/02/2023 18:10:00;22,4;37,1;
389;02/02/2023 18:15:00;22,3;37,1;
390;02/02/2023 18:20:00;22,3;37,1;
391;02/02/2023 18:25:00;22,3;37,1;
392;02/02/2023 18:30:00;22,3;37,2;
393;02/02/2023 18:35:00;22,3;37,2;
394;02/02/2023 18:40:00;22,3;37,2;
395;02/02/2023 18:45:00;22,3;37,2;
396;02/02/2023 18:50:00;22,3;37,2;
397;02/02/2023 18:55:00;22,3;37,3;
398;02/02/2023 19:00:00;22,2;37,3;
399;02/02/2023 19:05:00;22,2;37,3;
400;02/02/2023 19:10:00;22,2;37,4;
401;02/02/2023 19:15:00;22,2;37,4;
402;02/02/2023 19:20:00;22,2;37,4;
403;02/02/2023 19:25:00;22,2;37,4;
404;02/02/2023 19:30:00;22,2;37,5;
405;02/02/2023 19:35:00;22,1;37,6;
406;02/02/2023 19:40:00;22,2;37,8;
407;02/02/2023 19:45:00;22,2;37,8;
408;02/02/2023 19:50:00;22,3;37,8;
409;02/02/2023 19:55:00;22,3;37,8;
410;02/02/2023 20:00:00;22,3;37,8;
411;02/02/2023 20:05:00;22,4;37,8;
412;02/02/2023 20:10:00;22,4;37,8;
413;02/02/2023 20:15:00;22,4;38;
414;02/02/2023 20:20:00;22,4;38;
415;02/02/2023 20:25:00;22,4;37,9;
416;02/02/2023 20:30:00;22,4;37,9;
417;02/02/2023 20:35:00;22,4;37,8;
418;02/02/2023 20:40:00;22,5;37,9;
419;02/02/2023 20:45:00;22,5;37,9;
420;02/02/2023 20:50:00;22,5;37,9;
421;02/02/2023 20:55:00;22,5;37,9;
422;02/02/2023 21:00:00;22,5;37,9;
423;02/02/2023 21:05:00;22,4;37,9;
424;02/02/2023 21:10:00;22,4;37,9;
425;02/02/2023 21:15:00;22,4;37,9;
426;02/02/2023 21:20:00;22,3;37,9;
427;02/02/2023 21:25:00;22,3;37,9;
428;02/02/2023 21:30:00;22,3;38;
429;02/02/2023 21:35:00;22,3;38;
430;02/02/2023 21:40:00;22,3;38;
431;02/02/2023 21:45:00;22,3;38,1;
432;02/02/2023 21:50:00;22,3;38,1;
433;02/02/2023 21:55:00;22,2;38,2;
434;02/02/2023 22:00:00;22,2;38,2;
435;02/02/2023 22:05:00;22,2;38,2;
436;02/02/2023 22:10:00;22,2;38,2;
437;02/02/2023 22:15:00;22,2;38,3;
438;02/02/2023 22:20:00;22,2;38,3;
439;02/02/2023 22:25:00;22,2;38,3;
440;02/02/2023 22:30:00;22,2;38,4;
441;02/02/2023 22:35:00;22,2;38,4;
442;02/02/2023 22:40:00;22,2;38,5;
443;02/02/2023 22:45:00;22,2;38,5;
444;02/02/2023 22:50:00;22,2;38,5;
445;02/02/2023 22:55:00;22,2;38,6;
446;02/02/2023 23:00:00;22,2;38,6;
447;02/02/2023 23:05:00;22,1;38,7;
448;02/02/2023 23:10:00;22,1;38,8;
449;02/02/2023 23:15:00;22,1;38,7;
450;02/02/2023 23:20:00;22,1;38,7;
451;02/02/2023 23:25:00;22,1;38,7;
452;02/02/2023 23:30:00;22,1;38,7;
453;02/02/2023 23:35:00;22,1;38,7;
454;02/02/2023 23:40:00;22;38,9;
455;02/02/2023 23:45:00;22;39;
456;02/02/2023 23:50:00;22;39;
457;02/02/2023 23:55:00;22;39;
458;03/02/2023 00:00:00;22;39,1;
459;03/02/2023 00:05:00;22;39,1;
460;03/02/2023 00:10:00;22;39,2;
461;03/02/2023 00:15:00;22;39,2;
462;03/02/2023 00:20:00;22;39,2;
463;03/02/2023 00:25:00;22;39,2;
464;03/02/2023 00:30:00;22;39,2;
465;03/02/2023 00:35:00;22;39,3;
466;03/02/2023 00:40:00;22;39,3;
467;03/02/2023 00:45:00;22;39,3;
468;03/02/2023 00:50:00;22;39,3;
469;03/02/2023 00:55:00;22;39,3;
470;03/02/2023 01:00:00;22;39,3;
471;03/02/2023 01:05:00;22;39,2;
472;03/02/2023 01:10:00;22;39,2;
473;03/02/2023 01:15:00;22;39,2;
474;03/02/2023 01:20:00;22;39,2;
475;03/02/2023 01:25:00;22;39,2;
476;03/02/2023 01:30:00;22;39,2;
477;03/02/2023 01:35:00;22;39,1;
478;03/02/2023 01:40:00;22;39;
479;03/02/2023 01:45:00;22;39,1;
480;03/02/2023 01:50:00;22;39;
481;03/02/2023 01:55:00;22;39;
482;03/02/2023 02:00:00;22;39,1;
483;03/02/2023 02:05:00;22;39;
484;03/02/2023 02:10:00;22;39;
485;03/02/2023 02:15:00;22;39;
486;03/02/2023 02:20:00;22;39,1;
487;03/02/2023 02:25:00;22;39,1;
488;03/02/2023 02:30:00;22;39,1;
489;03/02/2023 02:35:00;22;39;
490;03/02/2023 02:40:00;22;39,1;
491;03/02/2023 02:45:00;22;39,1;
492;03/02/2023 02:50:00;22;39;
493;03/02/2023 02:55:00;21,9;39;
494;03/02/2023 03:00:00;21,9;39;
495;03/02/2023 03:05:00;21,9;39,1;
496;03/02/2023 03:10:00;21,9;39;
497;03/02/2023 03:15:00;21,9;39;
498;03/02/2023 03:20:00;21,9;39;
499;03/02/2023 03:25:00;21,9;39;
500;03/02/2023 03:30:00;21,9;39;
501;03/02/2023 03:35:00;21,9;39;
502;03/02/2023 03:40:00;21,9;39;
503;03/02/2023 03:45:00;21,9;38,9;
504;03/02/2023 03:50:00;21,9;39;
505;03/02/2023 03:55:00;21,9;38,9;
506;03/02/2023 04:00:00;21,9;38,9;
507;03/02/2023 04:05:00;21,9;38,9;
508;03/02/2023 04:10:00;21,9;38,9;
509;03/02/2023 04:15:00;21,9;38,9;
510;03/02/2023 04:20:00;21,9;38,8;
511;03/02/2023 04:25:00;21,8;38,8;
512;03/02/2023 04:30:00;21,8;38,8;
513;03/02/2023 04:35:00;21,8;38,8;
514;03/02/2023 04:40:00;21,8;38,8;
515;03/02/2023 04:45:00;21,8;38,8;
516;03/02/2023 04:50:00;21,8;38,8;
517;03/02/2023 04:55:00;21,8;38,8;
518;03/02/2023 05:00:00;21,8;38,8;
519;03/02/2023 05:05:00;21,8;38,8;
520;03/02/2023 05:10:00;21,8;38,7;
521;03/02/2023 05:15:00;21,8;38,7;
522;03/02/2023 05:20:00;21,8;38,7;
523;03/02/2023 05:25:00;21,8;38,8;
524;03/02/2023 05:30:00;21,8;38,7;
525;03/02/2023 05:35:00;21,8;38,7;
526;03/02/2023 05:40:00;21,8;38,7;
527;03/02/2023 05:45:00;21,8;38,7;
528;03/02/2023 05:50:00;21,8;38,7;
529;03/02/2023 05:55:00;21,8;38,8;
530;03/02/2023 06:00:00;21,8;38,7;
531;03/02/2023 06:05:00;21,8;38,7;
532;03/02/2023 06:10:00;21,8;38,7;
533;03/02/2023 06:15:00;21,8;38,8;
534;03/02/2023 06:20:00;21,8;38,8;
535;03/02/2023 06:25:00;21,8;38,7;
536;03/02/2023 06:30:00;21,8;38,7;
537;03/02/2023 06:35:00;21,8;38,7;
538;03/02/2023 06:40:00;21,8;38,8;
539;03/02/2023 06:45:00;21,8;38,7;
540;03/02/2023 06:50:00;21,8;38,7;
541;03/02/2023 06:55:00;21,8;38,7;
542;03/02/2023 07:00:00;21,8;38,8;
543;03/02/2023 07:05:00;21,8;38,8;
544;03/02/2023 07:10:00;21,8;38,8;
545;03/02/2023 07:15:00;21,8;38,7;
546;03/02/2023 07:20:00;21,8;38,8;
547;03/02/2023 07:25:00;21,8;38,8;
548;03/02/2023 07:30:00;21,7;38,8;
549;03/02/2023 07:35:00;21,7;38,8;
550;03/02/2023 07:40:00;21,8;38,8;
551;03/02/2023 07:45:00;21,7;38,9;
552;03/02/2023 07:50:00;21,8;38,9;
553;03/02/2023 07:55:00;21,8;38,8;
554;03/02/2023 08:00:00;21,7;38,9;
555;03/02/2023 08:05:00;21,7;38,9;
556;03/02/2023 08:10:00;21,7;39;
557;03/02/2023 08:15:00;21,7;39;
558;03/02/2023 08:20:00;21,7;39;
559;03/02/2023 08:25:00;21,7;39;
560;03/02/2023 08:30:00;21,7;39;
561;03/02/2023 08:35:00;21,7;39;
562;03/02/2023 08:40:00;21,7;38,9;
563;03/02/2023 08:45:00;21,7;38,9;
564;03/02/2023 08:50:00;21,7;38,9;
565;03/02/2023 08:55:00;21,7;38,8;
566;03/02/2023 09:00:00;21,7;38,8;
567;03/02/2023 09:05:00;21,7;38,8;
568;03/02/2023 09:10:00;21,7;38,8;
569;03/02/2023 09:15:00;21,7;38,8;
570;03/02/2023 09:20:00;21,7;38,8;
571;03/02/2023 09:25:00;21,8;38,8;
572;03/02/2023 09:30:00;21,8;38,7;
573;03/02/2023 09:35:00;21,8;38,7;
574;03/02/2023 09:40:00;21,8;38,7;
575;03/02/2023 09:45:00;21,8;38,7;
576;03/02/2023 09:50:00;21,9;38,7;
577;03/02/2023 09:55:00;21,9;38,7;
578;03/02/2023 10:00:00;21,9;38,7;
579;03/02/2023 10:05:00;21,9;38,8;
580;03/02/2023 10:10:00;21,9;38,8;
581;03/02/2023 10:15:00;21,9;38,8;
582;03/02/2023 10:20:00;21,9;38,8;
583;03/02/2023 10:25:00;21,9;38,7;
584;03/02/2023 10:30:00;22;38,7;
585;03/02/2023 10:35:00;22;38,8;
586;03/02/2023 10:40:00;22;38,7;
587;03/02/2023 10:45:00;22;38,7;
588;03/02/2023 10:50:00;22,1;38,6;
589;03/02/2023 10:55:00;22,1;38,6;
590;03/02/2023 11:00:00;22,1;38,5;
591;03/02/2023 11:05:00;22,1;38,6;
592;03/02/2023 11:10:00;22,1;38,6;
593;03/02/2023 11:15:00;22,2;38,5;
594;03/02/2023 11:20:00;22,1;38,6;
595;03/02/2023 11:25:00;22,1;38,6;
596;03/02/2023 11:30:00;22,2;38,5;
597;03/02/2023 11:35:00;22,2;38,5;
598;03/02/2023 11:40:00;22,2;38,5;
599;03/02/2023 11:45:00;22,2;38,5;
600;03/02/2023 11:50:00;22,3;38,4;
601;03/02/2023 11:55:00;22,3;38,4;
602;03/02/2023 12:00:00;22,3;38,4;
603;03/02/2023 12:05:00;22,3;38,4;
604;03/02/2023 12:10:00;22,3;38,4;
605;03/02/2023 12:15:00;22,3;38,4;
606;03/02/2023 12:20:00;22,4;38,4;
607;03/02/2023 12:25:00;22,4;38,4;
608;03/02/2023 12:30:00;22,4;38,4;
609;03/02/2023 12:35:00;22,4;38,4;
610;03/02/2023 12:40:00;22,4;38,5;
611;03/02/2023 12:45:00;22,3;38,5;
612;03/02/2023 12:50:00;22,3;38,6;
613;03/02/2023 12:55:00;22,3;38,6;
614;03/02/2023 13:00:00;22,3;38,6;
615;03/02/2023 13:05:00;22,3;38,6;
616;03/02/2023 13:10:00;22,3;38,6;
617;03/02/2023 13:15:00;22,3;38,7;
618;03/02/2023 13:20:00;22,3;38,6;
619;03/02/2023 13:25:00;22,4;38,6;
620;03/02/2023 13:30:00;22,4;38,6;
621;03/02/2023 13:35:00;22,4;38,6;
622;03/02/2023 13:40:00;22,4;38,6;
623;03/02/2023 13:45:00;22,4;38,6;
624;03/02/2023 13:50:00;22,5;38,6;
625;03/02/2023 13:55:00;22,5;38,5;
626;03/02/2023 14:00:00;22,4;38,6;
627;03/02/2023 14:05:00;22,4;38,7;
628;03/02/2023 14:10:00;22,4;38,7;
629;03/02/2023 14:15:00;22,4;38,7;
630;03/02/2023 14:20:00;22,4;38,8;
631;03/02/2023 14:25:00;22,3;38,8;
632;03/02/2023 14:30:00;22,3;38,9;
633;03/02/2023 14:35:00;22,3;38,9;
634;03/02/2023 14:40:00;22,3;39;
635;03/02/2023 14:45:00;22,3;38,9;
636;03/02/2023 14:50:00;22,3;39;
637;03/02/2023 14:55:00;22,3;38,9;
638;03/02/2023 15:00:00;22,3;39;
639;03/02/2023 15:05:00;22,3;39,1;
640;03/02/2023 15:10:00;22,3;39;
641;03/02/2023 15:15:00;22,3;39;
642;03/02/2023 15:20:00;22,3;39,1;
643;03/02/2023 15:25:00;22,3;39,1;
644;03/02/2023 15:30:00;22,3;39,1;
645;03/02/2023 15:35:00;22,3;39,1;
646;03/02/2023 15:40:00;22,2;39,2;
647;03/02/2023 15:45:00;22,2;39,2;
648;03/02/2023 15:50:00;22,2;39,2;
649;03/02/2023 15:55:00;22,2;39,2;
650;03/02/2023 16:00:00;22,2;39,2;
651;03/02/2023 16:05:00;22,2;39,2;
652;03/02/2023 16:10:00;22,2;39,1;
653;03/02/2023 16:15:00;22,2;39,2;
654;03/02/2023 16:20:00;22,2;39,3;
655;03/02/2023 16:25:00;22,2;39,4;
656;03/02/2023 16:30:00;22,2;39,4;
657;03/02/2023 16:35:00;22,2;39,4;
658;03/02/2023 16:40:00;22,1;39,5;
659;03/02/2023 16:45:00;22,1;39,5;
660;03/02/2023 16:50:00;22,1;39,5;
661;03/02/2023 16:55:00;22,1;39,5;
662;03/02/2023 17:00:00;22,1;39,5;
663;03/02/2023 17:05:00;22,1;39,6;
664;03/02/2023 17:10:00;22,1;39,6;
665;03/02/2023 17:15:00;22,1;39,4;
666;03/02/2023 17:20:00;22;39,4;
667;03/02/2023 17:25:00;22;39,5;
668;03/02/2023 17:30:00;22;39,5;
669;03/02/2023 17:35:00;22;39,5;
670;03/02/2023 17:40:00;22;39,6;
671;03/02/2023 17:45:00;22;39,6;
672;03/02/2023 17:50:00;22;39,7;
673;03/02/2023 17:55:00;22;39,8;
674;03/02/2023 18:00:00;22;39,8;
675;03/02/2023 18:05:00;22;39,9;
676;03/02/2023 18:10:00;22;39,9;
677;03/02/2023 18:15:00;21,9;40;
678;03/02/2023 18:20:00;21,9;40;
679;03/02/2023 18:25:00;21,9;40;
680;03/02/2023 18:30:00;21,9;40;
681;03/02/2023 18:35:00;21,9;40,1;
682;03/02/2023 18:40:00;21,9;40,1;
683;03/02/2023 18:45:00;21,9;40,1;
684;03/02/2023 18:50:00;21,9;40,1;
685;03/02/2023 18:55:00;21,9;40,1;
686;03/02/2023 19:00:00;21,9;40,1;
687;03/02/2023 19:05:00;21,9;40,1;
688;03/02/2023 19:10:00;21,9;40;
689;03/02/2023 19:15:00;21,9;40;
690;03/02/2023 19:20:00;21,9;40;
691;03/02/2023 19:25:00;21,9;40,1;
692;03/02/2023 19:30:00;21,9;40,1;
693;03/02/2023 19:35:00;21,9;40,2;
694;03/02/2023 19:40:00;21,9;40,2;
695;03/02/2023 19:45:00;21,8;40,1;
696;03/02/2023 19:50:00;21,8;40,1;
697;03/02/2023 19:55:00;21,8;40,1;
698;03/02/2023 20:00:00;21,8;40,1;
699;03/02/2023 20:05:00;21,8;40,2;
700;03/02/2023 20:10:00;21,8;40,2;
701;03/02/2023 20:15:00;21,8;40,2;
702;03/02/2023 20:20:00;21,8;40,2;
703;03/02/2023 20:25:00;21,8;40,1;
704;03/02/2023 20:30:00;21,8;40,2;
705;03/02/2023 20:35:00;21,8;40,2;
706;03/02/2023 20:40:00;21,8;40,2;
707;03/02/2023 20:45:00;21,8;40,3;
708;03/02/2023 20:50:00;21,8;40,3;
709;03/02/2023 20:55:00;21,8;40,3;
710;03/02/2023 21:00:00;21,8;40,3;
711;03/02/2023 21:05:00;21,8;40,3;
712;03/02/2023 21:10:00;21,8;40,3;
713;03/02/2023 21:15:00;21,8;40,3;
714;03/02/2023 21:20:00;21,8;40,3;
715;03/02/2023 21:25:00;21,8;40,3;
716;03/02/2023 21:30:00;21,8;40,4;
717;03/02/2023 21:35:00;21,8;40,4;
718;03/02/2023 21:40:00;21,8;40,4;
719;03/02/2023 21:45:00;21,8;40,4;
720;03/02/2023 21:50:00;21,8;40,4;
721;03/02/2023 21:55:00;21,8;40,4;
722;03/02/2023 22:00:00;21,8;40,4;
723;03/02/2023 22:05:00;21,8;40,5;
724;03/02/2023 22:10:00;21,8;40,5;
725;03/02/2023 22:15:00;21,8;40,4;
726;03/02/2023 22:20:00;21,8;40,5;
727;03/02/2023 22:25:00;21,8;40,5;
728;03/02/2023 22:30:00;21,8;40,5;
729;03/02/2023 22:35:00;21,8;40,4;
730;03/02/2023 22:40:00;21,8;40,6;
731;03/02/2023 22:45:00;21,7;40,5;
732;03/02/2023 22:50:00;21,8;40,5;
733;03/02/2023 22:55:00;21,7;40,6;
734;03/02/2023 23:00:00;21,7;40,6;
735;03/02/2023 23:05:00;21,7;40,5;
736;03/02/2023 23:10:00;21,7;40,6;
737;03/02/2023 23:15:00;21,7;40,6;
738;03/02/2023 23:20:00;21,7;40,6;
739;03/02/2023 23:25:00;21,7;40,6;
740;03/02/2023 23:30:00;21,7;40,6;
741;03/02/2023 23:35:00;21,7;40,7;
742;03/02/2023 23:40:00;21,7;40,6;
743;03/02/2023 23:45:00;21,7;40,7;
744;03/02/2023 23:50:00;21,7;40,7;
745;03/02/2023 23:55:00;21,7;40,7;
746;04/02/2023 00:00:00;21,7;40,6;
747;04/02/2023 00:05:00;21,7;40,7;
748;04/02/2023 00:10:00;21,7;40,7;
749;04/02/2023 00:15:00;21,7;40,6;
750;04/02/2023 00:20:00;21,7;40,6;
751;04/02/2023 00:25:00;21,7;40,8;
752;04/02/2023 00:30:00;21,7;40,6;
753;04/02/2023 00:35:00;21,7;40,7;
754;04/02/2023 00:40:00;21,7;40,6;
755;04/02/2023 00:45:00;21,7;40,7;
756;04/02/2023 00:50:00;21,7;40,8;
757;04/02/2023 00:55:00;21,7;40,7;
758;04/02/2023 01:00:00;21,7;40,7;
759;04/02/2023 01:05:00;21,7;40,7;
760;04/02/2023 01:10:00;21,7;40,7;
761;04/02/2023 01:15:00;21,7;40,7;
762;04/02/2023 01:20:00;21,7;40,7;
763;04/02/2023 01:25:00;21,7;40,8;
764;04/02/2023 01:30:00;21,7;40,7;
765;04/02/2023 01:35:00;21,7;40,8;
766;04/02/2023 01:40:00;21,7;40,7;
767;04/02/2023 01:45:00;21,7;40,7;
768;04/02/2023 01:50:00;21,7;40,6;
769;04/02/2023 01:55:00;21,7;40,6;
770;04/02/2023 02:00:00;21,7;40,6;
771;04/02/2023 02:05:00;21,7;40,6;
772;04/02/2023 02:10:00;21,7;40,6;
773;04/02/2023 02:15:00;21,7;40,6;
774;04/02/2023 02:20:00;21,7;40,7;
775;04/02/2023 02:25:00;21,7;40,7;
776;04/02/2023 02:30:00;21,7;40,6;
777;04/02/2023 02:35:00;21,7;40,6;
778;04/02/2023 02:40:00;21,7;40,6;
779;04/02/2023 02:45:00;21,7;40,7;
780;04/02/2023 02:50:00;21,7;40,6;
781;04/02/2023 02:55:00;21,7;40,6;
782;04/02/2023 03:00:00;21,7;40,5;
783;04/02/2023 03:05:00;21,7;40,6;
784;04/02/2023 03:10:00;21,7;40,6;
785;04/02/2023 03:15:00;21,7;40,7;
786;04/02/2023 03:20:00;21,7;40,7;
787;04/02/2023 03:25:00;21,7;40,6;
788;04/02/2023 03:30:00;21,7;40,6;
789;04/02/2023 03:35:00;21,7;40,7;
790;04/02/2023 03:40:00;21,7;40,7;
791;04/02/2023 03:45:00;21,7;40,7;
792;04/02/2023 03:50:00;21,7;40,7;
793;04/02/2023 03:55:00;21,7;40,6;
794;04/02/2023 04:00:00;21,7;40,7;
795;04/02/2023 04:05:00;21,7;40,6;
796;04/02/2023 04:10:00;21,7;40,7;
797;04/02/2023 04:15:00;21,7;40,8;
798;04/02/2023 04:20:00;21,7;40,8;
799;04/02/2023 04:25:00;21,7;40,7;
800;04/02/2023 04:30:00;21,7;40,8;
801;04/02/2023 04:35:00;21,7;40,8;
802;04/02/2023 04:40:00;21,7;40,8;
803;04/02/2023 04:45:00;21,7;40,8;
804;04/02/2023 04:50:00;21,7;40,8;
805;04/02/2023 04:55:00;21,7;40,9;
806;04/02/2023 05:00:00;21,7;40,9;
807;04/02/2023 05:05:00;21,7;40,8;
808;04/02/2023 05:10:00;21,7;40,9;
809;04/02/2023 05:15:00;21,7;40,9;
810;04/02/2023 05:20:00;21,7;40,9;
811;04/02/2023 05:25:00;21,7;40,9;
812;04/02/2023 05:30:00;21,7;40,9;
813;04/02/2023 05:35:00;21,7;41;
814;04/02/2023 05:40:00;21,7;41;
815;04/02/2023 05:45:00;21,6;41;
816;04/02/2023 05:50:00;21,6;41;
817;04/02/2023 05:55:00;21,6;41;
818;04/02/2023 06:00:00;21,6;41;
819;04/02/2023 06:05:00;21,6;40,9;
820;04/02/2023 06:10:00;21,6;40,9;
821;04/02/2023 06:15:00;21,6;40,9;
822;04/02/2023 06:20:00;21,6;40,9;
823;04/02/2023 06:25:00;21,6;40,9;
824;04/02/2023 06:30:00;21,6;40,8;
825;04/02/2023 06:35:00;21,6;40,8;
826;04/02/2023 06:40:00;21,6;40,8;
827;04/02/2023 06:45:00;21,6;40,8;
828;04/02/2023 06:50:00;21,6;40,8;
829;04/02/2023 06:55:00;21,6;40,8;
830;04/02/2023 07:00:00;21,6;40,8;
831;04/02/2023 07:05:00;21,6;40,8;
832;04/02/2023 07:10:00;21,6;40,8;
833;04/02/2023 07:15:00;21,6;40,8;
834;04/02/2023 07:20:00;21,6;40,8;
835;04/02/2023 07:25:00;21,6;40,8;
836;04/02/2023 07:30:00;21,6;40,8;
837;04/02/2023 07:35:00;21,6;40,8;
838;04/02/2023 07:40:00;21,6;40,7;
839;04/02/2023 07:45:00;21,6;40,7;
840;04/02/2023 07:50:00;21,6;40,7;
841;04/02/2023 07:55:00;21,6;40,7;
842;04/02/2023 08:00:00;21,6;40,7;
843;04/02/2023 08:05:00;21,6;40,8;
844;04/02/2023 08:10:00;21,6;40,9;
845;04/02/2023 08:15:00;21,6;40,9;
846;04/02/2023 08:20:00;21,6;41,1;
847;04/02/2023 08:25:00;21,6;41,3;
848;04/02/2023 08:30:00;21,5;41,4;
849;04/02/2023 08:35:00;21,6;41,5;
850;04/02/2023 08:40:00;21,6;41,6;
851;04/02/2023 08:45:00;21,6;41,6;
852;04/02/2023 08:50:00;21,6;41,5;
853;04/02/2023 08:55:00;21,6;41,6;
854;04/02/2023 09:00:00;21,6;41,5;
855;04/02/2023 09:05:00;21,6;41,6;
856;04/02/2023 09:10:00;21,6;41,5;
857;04/02/2023 09:15:00;21,6;41,5;
858;04/02/2023 09:20:00;21,7;41,4;
859;04/02/2023 09:25:00;21,7;41,3;
860;04/02/2023 09:30:00;21,7;41,2;
861;04/02/2023 09:35:00;21,7;41,3;
862;04/02/2023 09:40:00;21,7;41,4;
863;04/02/2023 09:45:00;21,7;41,4;
864;04/02/2023 09:50:00;21,8;41,4;
865;04/02/2023 09:55:00;21,8;41,3;
866;04/02/2023 10:00:00;21,8;41,3;
867;04/02/2023 10:05:00;21,8;41,3;
868;04/02/2023 10:10:00;21,8;41,3;
869;04/02/2023 10:15:00;21,9;41,2;
870;04/02/2023 10:20:00;21,9;41,2;
871;04/02/2023 10:25:00;21,9;41,1;
872;04/02/2023 10:30:00;21,9;41;
873;04/02/2023 10:35:00;21,9;41;
874;04/02/2023 10:40:00;22;41;
875;04/02/2023 10:45:00;22;41;
876;04/02/2023 10:50:00;22;40,9;
877;04/02/2023 10:55:00;22;40,9;
878;04/02/2023 11:00:00;22;40,9;
879;04/02/2023 11:05:00;22;40,8;
880;04/02/2023 11:10:00;22;40,8;
881;04/02/2023 11:15:00;22;40,7;
882;04/02/2023 11:20:00;22;40,7;
883;04/02/2023 11:25:00;22,1;40,7;
884;04/02/2023 11:30:00;22,1;40,6;
885;04/02/2023 11:35:00;22,1;40,6;
886;04/02/2023 11:40:00;22,1;40,6;
887;04/02/2023 11:45:00;22,1;40,5;
888;04/02/2023 11:50:00;22,1;40,5;
889;04/02/2023 11:55:00;22,1;40,5;
890;04/02/2023 12:00:00;22,1;40,4;
891;04/02/2023 12:05:00;22,1;40,4;
892;04/02/2023 12:10:00;22,2;40,3;
893;04/02/2023 12:15:00;22,2;40,2;
894;04/02/2023 12:20:00;22,2;40,2;
895;04/02/2023 12:25:00;22,2;40,1;
896;04/02/2023 12:30:00;22,2;40,1;
897;04/02/2023 12:35:00;22,2;40,1;
898;04/02/2023 12:40:00;22,2;40,1;
899;04/02/2023 12:45:00;22,2;40,1;
900;04/02/2023 12:50:00;22,2;40,1;
901;04/02/2023 12:55:00;22,2;40;
902;04/02/2023 13:00:00;22,2;39,9;
903;04/02/2023 13:05:00;22,2;39,9;
904;04/02/2023 13:10:00;22,2;39,9;
905;04/02/2023 13:15:00;22,2;39,9;
906;04/02/2023 13:20:00;22,2;39,9;
907;04/02/2023 13:25:00;22,3;39,8;
908;04/02/2023 13:30:00;22,3;39,8;
909;04/02/2023 13:35:00;22,3;39,8;
910;04/02/2023 13:40:00;22,3;39,8;
911;04/02/2023 13:45:00;22,3;39,8;
912;04/02/2023 13:50:00;22,3;39,8;
913;04/02/2023 13:55:00;22,3;39,8;
914;04/02/2023 14:00:00;22,3;39,8;
915;04/02/2023 14:05:00;22,3;39,8;
916;04/02/2023 14:10:00;22,3;40;
917;04/02/2023 14:15:00;22,3;39,9;
918;04/02/2023 14:20:00;22,4;39,9;
919;04/02/2023 14:25:00;22,4;39,9;
920;04/02/2023 14:30:00;22,4;39,9;
921;04/02/2023 14:35:00;22,4;39,9;
922;04/02/2023 14:40:00;22,4;39,9;
923;04/02/2023 14:45:00;22,4;40;
924;04/02/2023 14:50:00;22,4;39,9;
925;04/02/2023 14:55:00;22,4;39,9;
926;04/02/2023 15:00:00;22,4;39,9;
927;04/02/2023 15:05:00;22,4;39,9;
928;04/02/2023 15:10:00;22,4;39,9;
929;04/02/2023 15:15:00;22,4;39,8;
930;04/02/2023 15:20:00;22,4;39,8;
931;04/02/2023 15:25:00;22,4;39,8;
932;04/02/2023 15:30:00;22,4;39,8;
933;04/02/2023 15:35:00;22,4;39,8;
934;04/02/2023 15:40:00;22,4;39,8;
935;04/02/2023 15:45:00;22,4;39,8;
936;04/02/2023 15:50:00;22,4;39,9;
937;04/02/2023 15:55:00;22,4;39,9;
938;04/02/2023 16:00:00;22,4;39,9;
939;04/02/2023 16:05:00;22,4;39,9;
940;04/02/2023 16:10:00;22,4;39,9;
941;04/02/2023 16:15:00;22,4;39,8;
942;04/02/2023 16:20:00;22,4;39,9;
943;04/02/2023 16:25:00;22,4;39,9;
944;04/02/2023 16:30:00;22,3;40;
945;04/02/2023 16:35:00;22,3;39,9;
946;04/02/2023 16:40:00;22,3;40;
947;04/02/2023 16:45:00;22,3;39,9;
948;04/02/2023 16:50:00;22,3;40;
949;04/02/2023 16:55:00;22,3;40,1;
950;04/02/2023 17:00:00;22,3;40,1;
951;04/02/2023 17:05:00;22,2;40,1;
952;04/02/2023 17:10:00;22,2;40,1;
953;04/02/2023 17:15:00;22,2;40,1;
954;04/02/2023 17:20:00;22,2;40,2;
955;04/02/2023 17:25:00;22,2;40,2;
956;04/02/2023 17:30:00;22,2;40,2;
957;04/02/2023 17:35:00;22,2;40,3;
958;04/02/2023 17:40:00;22,2;40,2;
959;04/02/2023 17:45:00;22,2;40;
960;04/02/2023 17:50:00;22,2;39,9;
961;04/02/2023 17:55:00;22,1;39,9;
962;04/02/2023 18:00:00;22,1;40;
963;04/02/2023 18:05:00;22,1;40;
964;04/02/2023 18:10:00;22,1;40,1;
965;04/02/2023 18:15:00;22,1;40,1;
966;04/02/2023 18:20:00;22,1;40,1;
967;04/02/2023 18:25:00;22,1;40,1;
968;04/02/2023 18:30:00;22,1;40,2;
969;04/02/2023 18:35:00;22,1;40,2;
970;04/02/2023 18:40:00;22,1;40,2;
971;04/02/2023 18:45:00;22,1;40,2;
972;04/02/2023 18:50:00;22,1;40,2;
973;04/02/2023 18:55:00;22,1;40,2;
974;04/02/2023 19:00:00;22,1;40,2;
975;04/02/2023 19:05:00;22;40,2;
976;04/02/2023 19:10:00;22,1;40,2;
977;04/02/2023 19:15:00;22,1;40,3;
978;04/02/2023 19:20:00;22,1;40,3;
979;04/02/2023 19:25:00;22,1;40,3;
980;04/02/2023 19:30:00;22;40,3;
981;04/02/2023 19:35:00;22,1;40,3;
982;04/02/2023 19:40:00;22;40,3;
983;04/02/2023 19:45:00;22;40,4;
984;04/02/2023 19:50:00;22,1;40,4;
985;04/02/2023 19:55:00;22;40,4;
986;04/02/2023 20:00:00;22;40,5;
987;04/02/2023 20:05:00;22,2;40,4;
988;04/02/2023 20:10:00;22,1;40,3;
989;04/02/2023 20:15:00;22,1;40,4;
990;04/02/2023 20:20:00;22;40,5;
991;04/02/2023 20:25:00;22;40,5;
992;04/02/2023 20:30:00;22;40,5;
993;04/02/2023 20:35:00;22;40,5;
994;04/02/2023 20:40:00;22;40,5;
995;04/02/2023 20:45:00;22;40,5;
996;04/02/2023 20:50:00;22;40,5;
997;04/02/2023 20:55:00;22;40,5;
998;04/02/2023 21:00:00;22;40,5;
999;04/02/2023 21:05:00;22;40,5;
1000;04/02/2023 21:10:00;22;40,5;
1001;04/02/2023 21:15:00;22;40,5;
1002;04/02/2023 21:20:00;22;40,5;
1003;04/02/2023 21:25:00;22;40,5;
1004;04/02/2023 21:30:00;22;40,5;
1005;04/02/2023 21:35:00;22;40,5;
1006;04/02/2023 21:40:00;22;40,5;
1007;04/02/2023 21:45:00;22;40,5;
1008;04/02/2023 21:50:00;22;40,5;
1009;04/02/2023 21:55:00;22;40,4;
1010;04/02/2023 22:00:00;22;40,5;
1011;04/02/2023 22:05:00;21,9;40,5;
1012;04/02/2023 22:10:00;21,9;40,4;
1013;04/02/2023 22:15:00;21,9;40,4;
1014;04/02/2023 22:20:00;22;40,5;
1015;04/02/2023 22:25:00;22;40,4;
1016;04/02/2023 22:30:00;22;40,3;
1017;04/02/2023 22:35:00;22;40,2;
1018;04/02/2023 22:40:00;22;40,2;
1019;04/02/2023 22:45:00;22;40,1;
1020;04/02/2023 22:50:00;22;40,1;
1021;04/02/2023 22:55:00;22;40,1;
1022;04/02/2023 23:00:00;22;40;
1023;04/02/2023 23:05:00;22;40;
1024;04/02/2023 23:10:00;21,9;40;
1025;04/02/2023 23:15:00;21,9;39,9;
1026;04/02/2023 23:20:00;21,9;39,9;
1027;04/02/2023 23:25:00;21,9;39,9;
1028;04/02/2023 23:30:00;21,9;39,9;
1029;04/02/2023 23:35:00;21,9;39,8;
1030;04/02/2023 23:40:00;21,9;39,8;
1031;04/02/2023 23:45:00;21,9;39,7;
1032;04/02/2023 23:50:00;21,9;39,7;
1033;04/02/2023 23:55:00;21,9;39,7;
1034;05/02/2023 00:00:00;21,9;39,7;
1035;05/02/2023 00:05:00;21,9;39,6;
1036;05/02/2023 00:10:00;21,9;39,6;
1037;05/02/2023 00:15:00;21,9;39,6;
1038;05/02/2023 00:20:00;21,9;39,5;
1039;05/02/2023 00:25:00;21,9;39,5;
1040;05/02/2023 00:30:00;21,9;39,5;
1041;05/02/2023 00:35:00;21,9;39,5;
1042;05/02/2023 00:40:00;21,9;39,4;
1043;05/02/2023 00:45:00;21,9;39,4;
1044;05/02/2023 00:50:00;21,9;39,4;
1045;05/02/2023 00:55:00;21,9;39,4;
1046;05/02/2023 01:00:00;21,8;39,4;
1047;05/02/2023 01:05:00;21,8;39,3;
1048;05/02/2023 01:10:00;21,8;39,3;
1049;05/02/2023 01:15:00;21,8;39,3;
1050;05/02/2023 01:20:00;21,8;39,3;
1051;05/02/2023 01:25:00;21,8;39,2;
1052;05/02/2023 01:30:00;21,8;39,2;
1053;05/02/2023 01:35:00;21,8;39,2;
1054;05/02/2023 01:40:00;21,8;39,2;
1055;05/02/2023 01:45:00;21,8;39,1;
1056;05/02/2023 01:50:00;21,8;39,1;
1057;05/02/2023 01:55:00;21,8;39;
1058;05/02/2023 02:00:00;21,8;39;
1059;05/02/2023 02:05:00;21,8;39;
1060;05/02/2023 02:10:00;21,8;39;
1061;05/02/2023 02:15:00;21,8;38,9;
1062;05/02/2023 02:20:00;21,8;38,9;
1063;05/02/2023 02:25:00;21,8;38,9;
1064;05/02/2023 02:30:00;21,8;38,8;
1065;05/02/2023 02:35:00;21,8;38,8;
1066;05/02/2023 02:40:00;21,8;38,8;
1067;05/02/2023 02:45:00;21,8;38,8;
1068;05/02/2023 02:50:00;21,8;38,7;
1069;05/02/2023 02:55:00;21,8;38,7;
1070;05/02/2023 03:00:00;21,8;38,7;
1071;05/02/2023 03:05:00;21,8;38,7;
1072;05/02/2023 03:10:00;21,8;38,7;
1073;05/02/2023 03:15:00;21,8;38,6;
1074;05/02/2023 03:20:00;21,8;38,6;
1075;05/02/2023 03:25:00;21,8;38,6;
1076;05/02/2023 03:30:00;21,8;38,5;
1077;05/02/2023 03:35:00;21,8;38,5;
1078;05/02/2023 03:40:00;21,8;38,5;
1079;05/02/2023 03:45:00;21,8;38,5;
1080;05/02/2023 03:50:00;21,8;38,5;
1081;05/02/2023 03:55:00;21,8;38,4;
1082;05/02/2023 04:00:00;21,8;38,4;
1083;05/02/2023 04:05:00;21,8;38,4;
1084;05/02/2023 04:10:00;21,8;38,4;
1085;05/02/2023 04:15:00;21,7;38,4;
1086;05/02/2023 04:20:00;21,8;38,3;
1087;05/02/2023 04:25:00;21,7;38,3;
1088;05/02/2023 04:30:00;21,7;38,3;
1089;05/02/2023 04:35:00;21,7;38,3;
1090;05/02/2023 04:40:00;21,7;38,2;
1091;05/02/2023 04:45:00;21,7;38,2;
1092;05/02/2023 04:50:00;21,7;38,2;
1093;05/02/2023 04:55:00;21,7;38,2;
1094;05/02/2023 05:00:00;21,7;38,2;
1095;05/02/2023 05:05:00;21,7;38,1;
1096;05/02/2023 05:10:00;21,7;38,1;
1097;05/02/2023 05:15:00;21,7;38,1;
1098;05/02/2023 05:20:00;21,7;38,1;
1099;05/02/2023 05:25:00;21,7;38,1;
1100;05/02/2023 05:30:00;21,7;38,1;
1101;05/02/2023 05:35:00;21,7;38,1;
1102;05/02/2023 05:40:00;21,7;38,2;
1103;05/02/2023 05:45:00;21,7;38,2;
1104;05/02/2023 05:50:00;21,7;38,3;
1105;05/02/2023 05:55:00;21,7;38,3;
1106;05/02/2023 06:00:00;21,7;38,4;
1107;05/02/2023 06:05:00;21,7;38,4;
1108;05/02/2023 06:10:00;21,8;38,4;
1109;05/02/2023 06:15:00;21,7;38,4;
1110;05/02/2023 06:20:00;21,7;38,5;
1111;05/02/2023 06:25:00;21,8;38,5;
1112;05/02/2023 06:30:00;21,8;38,6;
1113;05/02/2023 06:35:00;21,8;38,7;
1114;05/02/2023 06:40:00;21,8;38,6;
1115;05/02/2023 06:45:00;21,8;38,6;
1116;05/02/2023 06:50:00;21,8;38,6;
1117;05/02/2023 06:55:00;21,8;38,6;
1118;05/02/2023 07:00:00;21,8;38,6;
1119;05/02/2023 07:05:00;21,8;38,6;
1120;05/02/2023 07:10:00;21,8;38,6;
1121;05/02/2023 07:15:00;21,8;38,6;
1122;05/02/2023 07:20:00;21,8;38,6;
1123;05/02/2023 07:25:00;21,8;38,6;
1124;05/02/2023 07:30:00;21,8;38,6;
1125;05/02/2023 07:35:00;21,8;38,5;
1126;05/02/2023 07:40:00;21,8;38,5;
1127;05/02/2023 07:45:00;21,8;38,7;
1128;05/02/2023 07:50:00;21,8;39;
1129;05/02/2023 07:55:00;21,7;39;
1130;05/02/2023 08:00:00;21,7;39;
1131;05/02/2023 08:05:00;21,7;39;
1132;05/02/2023 08:10:00;21,7;38,9;
1133;05/02/2023 08:15:00;21,7;38,8;
1134;05/02/2023 08:20:00;21,7;38,6;
1135;05/02/2023 08:25:00;21,7;38,6;
1136;05/02/2023 08:30:00;21,7;38,4;
1137;05/02/2023 08:35:00;21,7;38,3;
1138;05/02/2023 08:40:00;21,7;38,3;
1139;05/02/2023 08:45:00;21,7;38,1;
1140;05/02/2023 08:50:00;21,8;38,1;
1141;05/02/2023 08:55:00;21,8;38,1;
1142;05/02/2023 09:00:00;21,8;37,9;
1143;05/02/2023 09:05:00;21,9;37,8;
1144;05/02/2023 09:10:00;21,9;37,7;
1145;05/02/2023 09:15:00;21,9;37,6;
1146;05/02/2023 09:20:00;22;37,5;
1147;05/02/2023 09:25:00;22;37,4;
1148;05/02/2023 09:30:00;22;37,3;
1149;05/02/2023 09:35:00;22;37,3;
1150;05/02/2023 09:40:00;22,1;37,3;
1151;05/02/2023 09:45:00;22,1;37,1;
1152;05/02/2023 09:50:00;22,1;37;
1153;05/02/2023 09:55:00;22,1;36,9;
1154;05/02/2023 10:00:00;22,2;36,8;
1155;05/02/2023 10:05:00;22,2;36,7;
1156;05/02/2023 10:10:00;22,2;36,6;
1157;05/02/2023 10:15:00;22,2;36,5;
1158;05/02/2023 10:20:00;22,3;36,4;
1159;05/02/2023 10:25:00;22,3;36,2;
1160;05/02/2023 10:30:00;22,4;36,2;
1161;05/02/2023 10:35:00;22,4;36;
1162;05/02/2023 10:40:00;22,4;36;
1163;05/02/2023 10:45:00;22,4;36;
1164;05/02/2023 10:50:00;22,4;35,8;
1165;05/02/2023 10:55:00;22,4;35,7;
1166;05/02/2023 11:00:00;22,4;35,7;
1167;05/02/2023 11:05:00;22,5;35,6;
1168;05/02/2023 11:10:00;22,5;35,5;
1169;05/02/2023 11:15:00;22,5;35,4;
1170;05/02/2023 11:20:00;22,6;35,3;
1171;05/02/2023 11:25:00;22,6;35,2;
1172;05/02/2023 11:30:00;22,6;35;
1173;05/02/2023 11:35:00;22,6;34,9;
1174;05/02/2023 11:40:00;22,7;34,7;
1175;05/02/2023 11:45:00;22,7;34,6;
1176;05/02/2023 11:50:00;22,7;34,5;
1177;05/02/2023 11:55:00;22,7;34,3;
1178;05/02/2023 12:00:00;22,7;34,1;
1179;05/02/2023 12:05:00;22,8;34,2;
1180;05/02/2023 12:10:00;22,8;34,2;
1181;05/02/2023 12:15:00;22,8;34,2;
1182;05/02/2023 12:20:00;22,8;34,1;
1183;05/02/2023 12:25:00;22,9;33,8;
1184;05/02/2023 12:30:00;22,9;33,9;
1185;05/02/2023 12:35:00;22,9;33,7;
1186;05/02/2023 12:40:00;22,9;33,9;
1187;05/02/2023 12:45:00;22,9;33,6;
1188;05/02/2023 12:50:00;22,9;33,8;
1189;05/02/2023 12:55:00;23;33,6;
1190;05/02/2023 13:00:00;23;33,5;
1191;05/02/2023 13:05:00;23;33,5;
1192;05/02/2023 13:10:00;23;33,4;
1193;05/02/2023 13:15:00;23;33,3;
1194;05/02/2023 13:20:00;23;33,3;
1195;05/02/2023 13:25:00;23;33,3;
1196;05/02/2023 13:30:00;23;33,3;
1197;05/02/2023 13:35:00;23;33,2;
1198;05/02/2023 13:40:00;23;33;
1199;05/02/2023 13:45:00;23,1;33,1;
1200;05/02/2023 13:50:00;23,1;33,2;
1201;05/02/2023 13:55:00;23,1;33,2;
1202;05/02/2023 14:00:00;23,1;33,1;
1203;05/02/2023 14:05:00;23,1;33,2;
1204;05/02/2023 14:10:00;23,1;33,2;
1205;05/02/2023 14:15:00;23,1;33;
1206;05/02/2023 14:20:00;23,1;33,2;
1207;05/02/2023 14:25:00;23,2;33;
1208;05/02/2023 14:30:00;23,2;33;
1209;05/02/2023 14:35:00;23,3;32,9;
1210;05/02/2023 14:40:00;23,3;32,9;
1211;05/02/2023 14:45:00;23,2;32,7;
1212;05/02/2023 14:50:00;23,2;32,8;
1213;05/02/2023 14:55:00;23,2;32,8;
1214;05/02/2023 15:00:00;23,2;32,6;
1215;05/02/2023 15:05:00;23,2;32,4;
1216;05/02/2023 15:10:00;23,2;32,5;
1217;05/02/2023 15:15:00;23,2;32,3;
1218;05/02/2023 15:20:00;23,2;32,2;
1219;05/02/2023 15:25:00;23,2;32,1;
1220;05/02/2023 15:30:00;23,2;32,1;
1221;05/02/2023 15:35:00;23,2;32,3;
1222;05/02/2023 15:40:00;23,2;32,2;
1223;05/02/2023 15:45:00;23,2;32,3;
1224;05/02/2023 15:50:00;23,2;31,9;
1225;05/02/2023 15:55:00;23,1;31,9;
1226;05/02/2023 16:00:00;23,1;32;
1227;05/02/2023 16:05:00;23,1;32,1;
1228;05/02/2023 16:10:00;23,1;32,2;
1229;05/02/2023 16:15:00;23,1;32,2;
1230;05/02/2023 16:20:00;23,1;32,1;
1231;05/02/2023 16:25:00;23,1;32,2;
1232;05/02/2023 16:30:00;23,1;32,2;
1233;05/02/2023 16:35:00;23;32,3;
1234;05/02/2023 16:40:00;23;32,5;
1235;05/02/2023 16:45:00;23;32,5;
1236;05/02/2023 16:50:00;23;32,3;
1237;05/02/2023 16:55:00;23;32,4;
1238;05/02/2023 17:00:00;22,9;32,4;
1239;05/02/2023 17:05:00;22,9;32,3;
1240;05/02/2023 17:10:00;22,9;32,4;
1241;05/02/2023 17:15:00;22,8;32,5;
1242;05/02/2023 17:20:00;22,8;32,4;
1243;05/02/2023 17:25:00;22,8;32,4;
1244;05/02/2023 17:30:00;22,7;32,6;
1245;05/02/2023 17:35:00;22,7;32,6;
1246;05/02/2023 17:40:00;22,7;32,6;
1247;05/02/2023 17:45:00;22,6;32,6;
1248;05/02/2023 17:50:00;22,6;32,6;
1249;05/02/2023 17:55:00;22,6;32,6;
1250;05/02/2023 18:00:00;22,6;32,6;
1251;05/02/2023 18:05:00;22,5;32,6;
1252;05/02/2023 18:10:00;22,5;32,5;
1253;05/02/2023 18:15:00;22,5;32,6;
1254;05/02/2023 18:20:00;22,5;32,7;
1255;05/02/2023 18:25:00;22,4;32,7;
1256;05/02/2023 18:30:00;22,4;32,7;
1257;05/02/2023 18:35:00;22,4;32,7;
1258;05/02/2023 18:40:00;22,4;32,7;
1259;05/02/2023 18:45:00;22,4;32,8;
1260;05/02/2023 18:50:00;22,3;32,8;
1261;05/02/2023 18:55:00;22,3;33;
1262;05/02/2023 19:00:00;22,4;32,9;
1263;05/02/2023 19:05:00;22,3;32,9;
1264;05/02/2023 19:10:00;22,3;33;
1265;05/02/2023 19:15:00;22,3;32,9;
1266;05/02/2023 19:20:00;22,3;33;
1267;05/02/2023 19:25:00;22,3;33;
1268;05/02/2023 19:30:00;22,3;33,1;
1269;05/02/2023 19:35:00;22,3;33;
1270;05/02/2023 19:40:00;22,2;33;
1271;05/02/2023 19:45:00;22,2;33,2;
1272;05/02/2023 19:50:00;22,2;33,3;
1273;05/02/2023 19:55:00;22,2;33,3;
1274;05/02/2023 20:00:00;22,2;33,3;
1275;05/02/2023 20:05:00;22,2;33,4;
1276;05/02/2023 20:10:00;22,2;33,5;
1277;05/02/2023 20:15:00;22,2;33,6;
1278;05/02/2023 20:20:00;22,2;33,8;
1279;05/02/2023 20:25:00;22,2;33,8;
1280;05/02/2023 20:30:00;22,2;33,8;
1281;05/02/2023 20:35:00;22,2;33,9;
1282;05/02/2023 20:40:00;22,2;33,9;
1283;05/02/2023 20:45:00;22,2;34;
1284;05/02/2023 20:50:00;22,2;34;
1285;05/02/2023 20:55:00;22,2;33,9;
1286;05/02/2023 21:00:00;22,2;34;
1287;05/02/2023 21:05:00;22,2;34;
1288;05/02/2023 21:10:00;22,2;34;
1289;05/02/2023 21:15:00;22,1;34;
1290;05/02/2023 21:20:00;22,2;34;
1291;05/02/2023 21:25:00;22,1;34;
1292;05/02/2023 21:30:00;22,1;34;
1293;05/02/2023 21:35:00;22,1;34;
1294;05/02/2023 21:40:00;22,2;34;
1295;05/02/2023 21:45:00;22,2;34;
1296;05/02/2023 21:50:00;22,2;33,9;
1297;05/02/2023 21:55:00;22,2;33,9;
1298;05/02/2023 22:00:00;22,2;33,9;
1299;05/02/2023 22:05:00;22,2;33,9;
1300;05/02/2023 22:10:00;22,2;33,9;
1301;05/02/2023 22:15:00;22,2;33,8;
1302;05/02/2023 22:20:00;22,2;33,9;
1303;05/02/2023 22:25:00;22,2;33,8;
1304;05/02/2023 22:30:00;22,2;33,9;
1305;05/02/2023 22:35:00;22,2;33,8;
1306;05/02/2023 22:40:00;22,2;33,9;
1307;05/02/2023 22:45:00;22,2;33,9;
1308;05/02/2023 22:50:00;22,2;33,9;
1309;05/02/2023 22:55:00;22,2;33,9;
1310;05/02/2023 23:00:00;22,2;33,9;
1311;05/02/2023 23:05:00;22,2;33,9;
1312;05/02/2023 23:10:00;22,2;33,9;
1313;05/02/2023 23:15:00;22,2;33,9;
1314;05/02/2023 23:20:00;22,2;33,9;
1315;05/02/2023 23:25:00;22,2;33,9;
1316;05/02/2023 23:30:00;22,2;33,9;
1317;05/02/2023 23:35:00;22,2;34;
1318;05/02/2023 23:40:00;22,1;34;
1319;05/02/2023 23:45:00;22,1;34;
1320;05/02/2023 23:50:00;22,1;34;
1321;05/02/2023 23:55:00;22,2;34;
1322;06/02/2023 00:00:00;22,2;34;
1323;06/02/2023 00:05:00;22,1;34;
1324;06/02/2023 00:10:00;22,2;34;
1325;06/02/2023 00:15:00;22,1;34;
1326;06/02/2023 00:20:00;22,2;34;
1327;06/02/2023 00:25:00;22,2;34;
1328;06/02/2023 00:30:00;22,2;34;
1329;06/02/2023 00:35:00;22,2;34;
1330;06/02/2023 00:40:00;22,2;34;
1331;06/02/2023 00:45:00;22,2;34;
1332;06/02/2023 00:50:00;22,2;34;
1333;06/02/2023 00:55:00;22,2;34;
1334;06/02/2023 01:00:00;22,2;34;
1335;06/02/2023 01:05:00;22,2;33,9;
1336;06/02/2023 01:10:00;22,2;33,9;
1337;06/02/2023 01:15:00;22,2;34;
1338;06/02/2023 01:20:00;22,2;34;
1339;06/02/2023 01:25:00;22,2;33,9;
1340;06/02/2023 01:30:00;22,2;34;
1341;06/02/2023 01:35:00;22,2;34;
1342;06/02/2023 01:40:00;22,2;34;
1343;06/02/2023 01:45:00;22,2;34;
1344;06/02/2023 01:50:00;22,2;33,9;
1345;06/02/2023 01:55:00;22,2;33,9;
1346;06/02/2023 02:00:00;22,2;33,8;
1347;06/02/2023 02:05:00;22,2;33,8;
1348;06/02/2023 02:10:00;22,2;33,9;
1349;06/02/2023 02:15:00;22,2;33,9;
1350;06/02/2023 02:20:00;22,2;33,8;
1351;06/02/2023 02:25:00;22,2;33,9;
1352;06/02/2023 02:30:00;22,2;33,8;
1353;06/02/2023 02:35:00;22,3;33,9;
1354;06/02/2023 02:40:00;22,3;33,9;
1355;06/02/2023 02:45:00;22,3;33,8;
1356;06/02/2023 02:50:00;22,3;33,8;
1357;06/02/2023 02:55:00;22,3;33,8;
1358;06/02/2023 03:00:00;22,3;33,8;
1359;06/02/2023 03:05:00;22,3;33,7;
1360;06/02/2023 03:10:00;22,3;33,7;
1361;06/02/2023 03:15:00;22,3;33,7;
1362;06/02/2023 03:20:00;22,3;33,7;
1363;06/02/2023 03:25:00;22,3;33,7;
1364;06/02/2023 03:30:00;22,3;33,6;
1365;06/02/2023 03:35:00;22,3;33,7;
1366;06/02/2023 03:40:00;22,3;33,7;
1367;06/02/2023 03:45:00;22,3;33,6;
1368;06/02/2023 03:50:00;22,3;33,6;
1369;06/02/2023 03:55:00;22,4;33,6;
1370;06/02/2023 04:00:00;22,4;33,6;
1371;06/02/2023 04:05:00;22,4;33,6;
1372;06/02/2023 04:10:00;22,4;33,6;
1373;06/02/2023 04:15:00;22,4;33,5;
1374;06/02/2023 04:20:00;22,4;33,5;
1375;06/02/2023 04:25:00;22,4;33,5;
1376;06/02/2023 04:30:00;22,4;33,5;
1377;06/02/2023 04:35:00;22,4;33,4;
1378;06/02/2023 04:40:00;22,4;33,4;
1379;06/02/2023 04:45:00;22,4;33,4;
1380;06/02/2023 04:50:00;22,4;33,4;
1381;06/02/2023 04:55:00;22,4;33,3;
1382;06/02/2023 05:00:00;22,4;33,3;
1383;06/02/2023 05:05:00;22,4;33,3;
1384;06/02/2023 05:10:00;22,4;33,3;
1385;06/02/2023 05:15:00;22,4;33,3;
1386;06/02/2023 05:20:00;22,4;33,3;
1387;06/02/2023 05:25:00;22,4;33,2;
1388;06/02/2023 05:30:00;22,4;33,2;
1389;06/02/2023 05:35:00;22,4;33,2;
1390;06/02/2023 05:40:00;22,4;33,2;
1391;06/02/2023 05:45:00;22,4;33,1;
1392;06/02/2023 05:50:00;22,4;33,2;
1393;06/02/2023 05:55:00;22,4;33,2;
1394;06/02/2023 06:00:00;22,4;33,1;
1395;06/02/2023 06:05:00;22,5;33,1;
1396;06/02/2023 06:10:00;22,5;33;
1397;06/02/2023 06:15:00;22,5;33,1;
1398;06/02/2023 06:20:00;22,5;33,1;
1399;06/02/2023 06:25:00;22,5;33;
1400;06/02/2023 06:30:00;22,5;33,1;
1401;06/02/2023 06:35:00;22,5;33,1;
1402;06/02/2023 06:40:00;22,5;33;
1403;06/02/2023 06:45:00;22,5;33;
1404;06/02/2023 06:50:00;22,5;33;
1405;06/02/2023 06:55:00;22,5;32,9;
1406;06/02/2023 07:00:00;22,5;33;
1407;06/02/2023 07:05:00;22,5;32,9;
1408;06/02/2023 07:10:00;22,5;33;
1409;06/02/2023 07:15:00;22,5;32,9;
1410;06/02/2023 07:20:00;22,5;32,9;
1411;06/02/2023 07:25:00;22,5;32,9;
1412;06/02/2023 07:30:00;22,5;32,8;
1413;06/02/2023 07:35:00;22,5;32,8;
1414;06/02/2023 07:40:00;22,5;32,8;
1415;06/02/2023 07:45:00;22,5;32,8;
1416;06/02/2023 07:50:00;22,5;32,9;
1417;06/02/2023 07:55:00;22,4;33,1;
1418;06/02/2023 08:00:00;22,4;33,1;
1419;06/02/2023 08:05:00;22,4;33,2;
1420;06/02/2023 08:10:00;22,4;33,2;
1421;06/02/2023 08:15:00;22,4;33,2;
1422;06/02/2023 08:20:00;22,4;33,2;
1423;06/02/2023 08:25:00;22,4;33,3;
1424;06/02/2023 08:30:00;22,4;33,2;
1425;06/02/2023 08:35:00;22,4;33,3;
1426;06/02/2023 08:40:00;22,4;33,3;
1427;06/02/2023 08:45:00;22,5;34,6;
1428;06/02/2023 08:50:00;22,5;33,8;
1429;06/02/2023 08:55:00;22,5;33,6;
1430;06/02/2023 09:00:00;22,5;32,6;
1431;06/02/2023 09:05:00;22,5;33;
1432;06/02/2023 09:10:00;22,6;33,1;
1433;06/02/2023 09:15:00;22,6;33,1;
1434;06/02/2023 09:20:00;22,7;33,4;
1435;06/02/2023 09:25:00;22,7;33,9;
1436;06/02/2023 09:30:00;22,8;33,9;
1437;06/02/2023 09:35:00;22,9;33,7;
1438;06/02/2023 09:40:00;22,9;33,8;
1439;06/02/2023 09:45:00;23;33,8;
1440;06/02/2023 09:50:00;23;33,5;
1441;06/02/2023 09:55:00;23;33,2;
1442;06/02/2023 10:00:00;23;33,3;
1443;06/02/2023 10:05:00;23;33,2;
1444;06/02/2023 10:10:00;23;33,1;
1445;06/02/2023 10:15:00;23,1;32,9;
1446;06/02/2023 10:20:00;23,1;32,9;
1447;06/02/2023 10:25:00;23,1;32,8;
1448;06/02/2023 10:30:00;23,1;32,9;
1449;06/02/2023 10:35:00;23,1;32,7;
1450;06/02/2023 10:40:00;23,1;32,7;
1451;06/02/2023 10:45:00;23,2;32,7;
1452;06/02/2023 10:50:00;23,2;32,7;
1453;06/02/2023 10:55:00;23,3;32,6;
1454;06/02/2023 11:00:00;23,3;32,6;
1455;06/02/2023 11:05:00;23,4;32,5;
1456;06/02/2023 11:10:00;23,4;32,4;
1457;06/02/2023 11:15:00;23,4;32,4;
1458;06/02/2023 11:20:00;23,5;32,4;
1459;06/02/2023 11:25:00;23,5;32,3;
1460;06/02/2023 11:30:00;23,5;32,4;
1461;06/02/2023 11:35:00;23,5;32,4;
1462;06/02/2023 11:40:00;23,5;32,5;
1463;06/02/2023 11:45:00;23,5;32,5;
1464;06/02/2023 11:50:00;23,5;32,5;
1465;06/02/2023 11:55:00;23,6;32,5;
1466;06/02/2023 12:00:00;23,6;32,4;
1467;06/02/2023 12:05:00;23,6;32,5;
1468;06/02/2023 12:10:00;23,6;32,4;
1469;06/02/2023 12:15:00;23,7;32,4;
1470;06/02/2023 12:20:00;23,7;32,4;
1471;06/02/2023 12:25:00;23,7;32,4;
1472;06/02/2023 12:30:00;23,7;32,4;
1473;06/02/2023 12:35:00;23,8;32,4;
1474;06/02/2023 12:40:00;23,8;32,3;
1475;06/02/2023 12:45:00;23,8;32,4;
1476;06/02/2023 12:50:00;23,8;32,3;
1477;06/02/2023 12:55:00;23,8;32,3;
1478;06/02/2023 13:00:00;23,8;32,4;
1479;06/02/2023 13:05:00;23,8;32,3;
1480;06/02/2023 13:10:00;23,8;32,4;
1481;06/02/2023 13:15:00;23,9;32,3;
1482;06/02/2023 13:20:00;23,9;32,4;
1483;06/02/2023 13:25:00;23,9;32,4;
1484;06/02/2023 13:30:00;24;32,4;
1485;06/02/2023 13:35:00;24;32,4;
1486;06/02/2023 13:40:00;24;32,4;
1487;06/02/2023 13:45:00;24,1;32,4;
1488;06/02/2023 13:50:00;24,1;32,4;
1489;06/02/2023 13:55:00;24,1;32,4;
1490;06/02/2023 14:00:00;24,1;32,3;
1491;06/02/2023 14:05:00;24,1;32,4;
1492;06/02/2023 14:10:00;24,2;32,4;
1493;06/02/2023 14:15:00;24,2;32,4;
1494;06/02/2023 14:20:00;24,2;32,3;
1495;06/02/2023 14:25:00;24,2;32,4;
1496;06/02/2023 14:30:00;24,2;32,4;
1497;06/02/2023 14:35:00;24,2;32,4;
1498;06/02/2023 14:40:00;24,2;32,4;
1499;06/02/2023 14:45:00;24,2;32,4;
1500;06/02/2023 14:50:00;24,2;32,4;
1501;06/02/2023 14:55:00;24,2;32,5;
1502;06/02/2023 15:00:00;24,2;32,4;
1503;06/02/2023 15:05:00;24,2;32,5;
1504;06/02/2023 15:10:00;24,2;32,4;
1505;06/02/2023 15:15:00;24,2;32,4;
1506;06/02/2023 15:20:00;24,2;32,5;
1507;06/02/2023 15:25:00;24,2;32,4;
1508;06/02/2023 15:30:00;24,2;32,5;
1509;06/02/2023 15:35:00;24,2;32,5;
1510;06/02/2023 15:40:00;24,2;32,4;
1511;06/02/2023 15:45:00;24,2;32,5;
1512;06/02/2023 15:50:00;24,1;32,5;
1513;06/02/2023 15:55:00;24,1;32,6;
1514;06/02/2023 16:00:00;24,1;32,5;
1515;06/02/2023 16:05:00;24,1;32,5;
1516;06/02/2023 16:10:00;24,1;32,6;
1517;06/02/2023 16:15:00;24,1;32,6;
1518;06/02/2023 16:20:00;24;32,6;
1519;06/02/2023 16:25:00;24;32,6;
1520;06/02/2023 16:30:00;24;32,6;
1521;06/02/2023 16:35:00;24;32,5;
1522;06/02/2023 16:40:00;24;32,6;
1523;06/02/2023 16:45:00;23,9;32,7;
1524;06/02/2023 16:50:00;23,9;32,6;
1525;06/02/2023 16:55:00;23,9;32,7;
1526;06/02/2023 17:00:00;23,9;32,7;
1527;06/02/2023 17:05:00;23,8;32,7;
1528;06/02/2023 17:10:00;23,8;32,3;
1529;06/02/2023 17:15:00;23,7;32,3;
1530;06/02/2023 17:20:00;23,6;32,2;
1531;06/02/2023 17:25:00;23,6;32,1;
1532;06/02/2023 17:30:00;23,5;32,5;
1533;06/02/2023 17:35:00;23,6;32,5;
1534;06/02/2023 17:40:00;23,5;32,6;
1535;06/02/2023 17:45:00;23,5;32,6;
1536;06/02/2023 17:50:00;23,5;32,6;
1537;06/02/2023 17:55:00;23,5;32,7;
1538;06/02/2023 18:00:00;23,5;32,8;
1539;06/02/2023 18:05:00;23,5;32,8;
1540;06/02/2023 18:10:00;23,5;32,9;
1541;06/02/2023 18:15:00;23,4;32,9;
1542;06/02/2023 18:20:00;23,4;33;
1543;06/02/2023 18:25:00;23,4;33;
1544;06/02/2023 18:30:00;23,4;33;
1545;06/02/2023 18:35:00;23,4;33;
1546;06/02/2023 18:40:00;23,4;33,1;
1547;06/02/2023 18:45:00;23,3;33;
1548;06/02/2023 18:50:00;23,3;33;
1549;06/02/2023 18:55:00;23,3;33,1;
1550;06/02/2023 19:00:00;23,3;33,1;
1551;06/02/2023 19:05:00;23,3;33,1;
1552;06/02/2023 19:10:00;23,2;33,1;
1553;06/02/2023 19:15:00;23,2;33,1;
1554;06/02/2023 19:20:00;23,2;33,1;
1555;06/02/2023 19:25:00;23,2;33;
1556;06/02/2023 19:30:00;23,2;33;
1557;06/02/2023 19:35:00;23,2;32,9;
1558;06/02/2023 19:40:00;23,2;32,9;
1559;06/02/2023 19:45:00;23,2;32,9;
1560;06/02/2023 19:50:00;23,1;32,9;
1561;06/02/2023 19:55:00;23,1;32,9;
1562;06/02/2023 20:00:00;23,1;32,9;
1563;06/02/2023 20:05:00;23,1;32,8;
1564;06/02/2023 20:10:00;23,1;32,8;
1565;06/02/2023 20:15:00;23,1;32,8;
1566;06/02/2023 20:20:00;23,1;32,8;
1567;06/02/2023 20:25:00;23,1;32,8;
1568;06/02/2023 20:30:00;23;32,9;
1569;06/02/2023 20:35:00;23;32,9;
1570;06/02/2023 20:40:00;23;32,9;
1571;06/02/2023 20:45:00;23;32,9;
1572;06/02/2023 20:50:00;23;32,9;
1573;06/02/2023 20:55:00;23;32,9;
1574;06/02/2023 21:00:00;23;32,9;
1575;06/02/2023 21:05:00;23;32,9;
1576;06/02/2023 21:10:00;23;33;
1577;06/02/2023 21:15:00;23;32,9;
1578;06/02/2023 21:20:00;23;33;
1579;06/02/2023 21:25:00;23;32,9;
1580;06/02/2023 21:30:00;22,9;32,8;
1581;06/02/2023 21:35:00;22,9;32,8;
1582;06/02/2023 21:40:00;22,9;32,6;
1583;06/02/2023 21:45:00;22,9;32,8;
1584;06/02/2023 21:50:00;22,9;32,8;
1585;06/02/2023 21:55:00;22,9;32,7;
1586;06/02/2023 22:00:00;22,9;32,7;
1587;06/02/2023 22:05:00;22,9;32,6;
1588;06/02/2023 22:10:00;22,9;32,6;
1589;06/02/2023 22:15:00;22,9;32,6;
1590;06/02/2023 22:20:00;22,9;32,6;
1591;06/02/2023 22:25:00;22,9;32,7;
1592;06/02/2023 22:30:00;22,9;32,7;
1593;06/02/2023 22:35:00;22,9;32,7;
1594;06/02/2023 22:40:00;22,9;32,7;
1595;06/02/2023 22:45:00;22,9;32,7;
1596;06/02/2023 22:50:00;22,9;32,7;
1597;06/02/2023 22:55:00;22,8;32,7;
1598;06/02/2023 23:00:00;22,8;32,7;
1599;06/02/2023 23:05:00;22,8;32,7;
1600;06/02/2023 23:10:00;22,8;32,8;
1601;06/02/2023 23:15:00;22,8;32,8;
1602;06/02/2023 23:20:00;22,8;32,8;
1603;06/02/2023 23:25:00;22,8;32,7;
1604;06/02/2023 23:30:00;22,8;32,7;
1605;06/02/2023 23:35:00;22,8;32,7;
1606;06/02/2023 23:40:00;22,8;32,7;
1607;06/02/2023 23:45:00;22,8;32,7;
1608;06/02/2023 23:50:00;22,8;32,7;
1609;06/02/2023 23:55:00;22,8;32,7;
1610;07/02/2023 00:00:00;22,8;32,7;
1611;07/02/2023 00:05:00;22,8;32,7;
1612;07/02/2023 00:10:00;22,8;32,6;
1613;07/02/2023 00:15:00;22,8;32,6;
1614;07/02/2023 00:20:00;22,8;32,6;
1615;07/02/2023 00:25:00;22,7;32,6;
1616;07/02/2023 00:30:00;22,7;32,6;
1617;07/02/2023 00:35:00;22,7;32,6;
1618;07/02/2023 00:40:00;22,7;32,6;
1619;07/02/2023 00:45:00;22,7;32,6;
1620;07/02/2023 00:50:00;22,7;32,6;
1621;07/02/2023 00:55:00;22,8;32,5;
1622;07/02/2023 01:00:00;22,7;32,5;
1623;07/02/2023 01:05:00;22,7;32,5;
1624;07/02/2023 01:10:00;22,7;32,5;
1625;07/02/2023 01:15:00;22,7;32,5;
1626;07/02/2023 01:20:00;22,7;32,5;
1627;07/02/2023 01:25:00;22,7;32,5;
1628;07/02/2023 01:30:00;22,7;32,5;
1629;07/02/2023 01:35:00;22,7;32,5;
1630;07/02/2023 01:40:00;22,7;32,5;
1631;07/02/2023 01:45:00;22,7;32,5;
1632;07/02/2023 01:50:00;22,7;32,5;
1633;07/02/2023 01:55:00;22,7;32,5;
1634;07/02/2023 02:00:00;22,7;32,5;
1635;07/02/2023 02:05:00;22,7;32,5;
1636;07/02/2023 02:10:00;22,7;32,5;
1637;07/02/2023 02:15:00;22,7;32,4;
1638;07/02/2023 02:20:00;22,7;32,4;
1639;07/02/2023 02:25:00;22,7;32,3;
1640;07/02/2023 02:30:00;22,7;32,3;
1641;07/02/2023 02:35:00;22,7;32,3;
1642;07/02/2023 02:40:00;22,7;32,2;
1643;07/02/2023 02:45:00;22,7;32,2;
1644;07/02/2023 02:50:00;22,7;32,2;
1645;07/02/2023 02:55:00;22,7;32,2;
1646;07/02/2023 03:00:00;22,7;32,1;
1647;07/02/2023 03:05:00;22,7;32,1;
1648;07/02/2023 03:10:00;22,7;32;
1649;07/02/2023 03:15:00;22,7;32;
1650;07/02/2023 03:20:00;22,7;32,1;
1651;07/02/2023 03:25:00;22,7;32;
1652;07/02/2023 03:30:00;22,7;32;
1653;07/02/2023 03:35:00;22,7;32;
1654;07/02/2023 03:40:00;22,7;31,9;
1655;07/02/2023 03:45:00;22,7;31,9;
1656;07/02/2023 03:50:00;22,7;31,9;
1657;07/02/2023 03:55:00;22,7;31,8;
1658;07/02/2023 04:00:00;22,7;31,8;
1659;07/02/2023 04:05:00;22,7;31,8;
1660;07/02/2023 04:10:00;22,7;31,8;
1661;07/02/2023 04:15:00;22,7;31,8;
1662;07/02/2023 04:20:00;22,7;31,8;
1663;07/02/2023 04:25:00;22,7;31,7;
1664;07/02/2023 04:30:00;22,7;31,8;
1665;07/02/2023 04:35:00;22,7;31,8;
1666;07/02/2023 04:40:00;22,7;31,8;
1667;07/02/2023 04:45:00;22,7;31,6;
1668;07/02/2023 04:50:00;22,7;31,7;
1669;07/02/2023 04:55:00;22,7;31,6;
1670;07/02/2023 05:00:00;22,7;31,6;
1671;07/02/2023 05:05:00;22,7;31,6;
1672;07/02/2023 05:10:00;22,7;31,6;
1673;07/02/2023 05:15:00;22,7;31,5;
1674;07/02/2023 05:20:00;22,7;31,5;
1675;07/02/2023 05:25:00;22,7;31,5;
1676;07/02/2023 05:30:00;22,7;31,4;
1677;07/02/2023 05:35:00;22,7;31,4;
1678;07/02/2023 05:40:00;22,7;31,4;
1679;07/02/2023 05:45:00;22,7;31,3;
1680;07/02/2023 05:50:00;22,7;31,2;
1681;07/02/2023 05:55:00;22,7;31,2;
1682;07/02/2023 06:00:00;22,7;31,1;
1683;07/02/2023 06:05:00;22,7;31,1;
1684;07/02/2023 06:10:00;22,7;31,1;
1685;07/02/2023 06:15:00;22,7;31,1;
1686;07/02/2023 06:20:00;22,7;31,1;
1687;07/02/2023 06:25:00;22,7;31,1;
1688;07/02/2023 06:30:00;22,7;31,1;
1689;07/02/2023 06:35:00;22,7;31;
1690;07/02/2023 06:40:00;22,7;30,9;
1691;07/02/2023 06:45:00;22,7;30,9;
1692;07/02/2023 06:50:00;22,7;30,9;
1693;07/02/2023 06:55:00;22,7;30,8;
1694;07/02/2023 07:00:00;22,7;30,8;
1695;07/02/2023 07:05:00;22,7;30,8;
1696;07/02/2023 07:10:00;22,7;30,7;
1697;07/02/2023 07:15:00;22,7;30,7;
1698;07/02/2023 07:20:00;22,7;30,8;
1699;07/02/2023 07:25:00;22,7;30,9;
1700;07/02/2023 07:30:00;22,6;30,9;
1701;07/02/2023 07:35:00;22,6;31;
1702;07/02/2023 07:40:00;22,6;31,1;
1703;07/02/2023 07:45:00;22,6;31,1;
1704;07/02/2023 07:50:00;22,6;31,1;
1705;07/02/2023 07:55:00;22,6;32;
1706;07/02/2023 08:00:00;22,6;32,7;
1707;07/02/2023 08:05:00;22,7;32,8;
1708;07/02/2023 08:10:00;22,7;33,4;
1709;07/02/2023 08:15:00;22,7;34,8;
1710;07/02/2023 08:20:00;22,7;34,9;
1711;07/02/2023 08:25:00;22,7;34,5;
1712;07/02/2023 08:30:00;22,8;34,7;
1713;07/02/2023 08:35:00;22,8;34,5;
1714;07/02/2023 08:40:00;22,8;34,6;
1715;07/02/2023 08:45:00;22,8;34,5;
1716;07/02/2023 08:50:00;22,8;34,4;
1717;07/02/2023 08:55:00;22,8;34,2;
1718;07/02/2023 09:00:00;22,8;34,1;
1719;07/02/2023 09:05:00;22,9;33,9;
1720;07/02/2023 09:10:00;22,9;33,8;
1721;07/02/2023 09:15:00;22,9;33,6;
1722;07/02/2023 09:20:00;23;33,5;
1723;07/02/2023 09:25:00;23;33,2;
1724;07/02/2023 09:30:00;23;33,1;
1725;07/02/2023 09:35:00;23,1;32,9;
1726;07/02/2023 09:40:00;23,1;32,7;
1727;07/02/2023 09:45:00;23,1;32,6;
1728;07/02/2023 09:50:00;23,2;32,4;
1729;07/02/2023 09:55:00;23,2;32,2;
1730;07/02/2023 10:00:00;23,3;32,1;
1731;07/02/2023 10:05:00;23,3;31,9;
1732;07/02/2023 10:10:00;23,3;31,9;
1733;07/02/2023 10:15:00;23,4;31,8;
1734;07/02/2023 10:20:00;23,4;31,9;
1735;07/02/2023 10:25:00;23,5;31,8;
1736;07/02/2023 10:30:00;23,5;31,5;
1737;07/02/2023 10:35:00;23,5;31,1;
1738;07/02/2023 10:40:00;23,5;30,9;
1739;07/02/2023 10:45:00;23,5;30,7;
1740;07/02/2023 10:50:00;23,6;30,3;
1741;07/02/2023 10:55:00;23,6;29,9;
1742;07/02/2023 11:00:00;23,6;29,5;
1743;07/02/2023 11:05:00;23,6;29,4;
1744;07/02/2023 11:10:00;23,6;29,3;
1745;07/02/2023 11:15:00;23,6;28,7;
1746;07/02/2023 11:20:00;23,7;28;
1747;07/02/2023 11:25:00;23,7;28,4;
1748;07/02/2023 11:30:00;23,8;28,5;
1749;07/02/2023 11:35:00;23,8;28,6;
1750;07/02/2023 11:40:00;23,8;28,8;
1751;07/02/2023 11:45:00;23,8;29;
1752;07/02/2023 11:50:00;23,8;29;
1753;07/02/2023 11:55:00;23,8;29,2;
1754;07/02/2023 12:00:00;23,9;29,2;
1755;07/02/2023 12:05:00;23,9;29,3;
1756;07/02/2023 12:10:00;23,9;29,6;
1757;07/02/2023 12:15:00;23,9;29,6;
1758;07/02/2023 12:20:00;23,9;29,7;
1759;07/02/2023 12:25:00;24;29,6;
1760;07/02/2023 12:30:00;24;29,7;
1761;07/02/2023 12:35:00;24,1;29,7;
1762;07/02/2023 12:40:00;24,1;29,7;
1763;07/02/2023 12:45:00;24,1;29,8;
1764;07/02/2023 12:50:00;24,1;29,8;
1765;07/02/2023 12:55:00;24,1;29,9;
1766;07/02/2023 13:00:00;24,2;29,9;
1767;07/02/2023 13:05:00;24,2;29,8;
1768;07/02/2023 13:10:00;24,2;29,7;
1769;07/02/2023 13:15:00;24,2;29,7;
1770;07/02/2023 13:20:00;24,2;29,7;
1771;07/02/2023 13:25:00;24,2;29,5;
1772;07/02/2023 13:30:00;24,2;29,5;
1773;07/02/2023 13:35:00;24,2;29,5;
1774;07/02/2023 13:40:00;24,3;29,5;
1775;07/02/2023 13:45:00;24,3;29,5;
1776;07/02/2023 13:50:00;24,3;29,4;
1777;07/02/2023 13:55:00;24,3;29,5;
1778;07/02/2023 14:00:00;24,3;29,5;
1779;07/02/2023 14:05:00;24,4;29,5;
1780;07/02/2023 14:10:00;24,4;29,5;
1781;07/02/2023 14:15:00;24,4;29,5;
1782;07/02/2023 14:20:00;24,4;29,5;
1783;07/02/2023 14:25:00;24,5;29,4;
1784;07/02/2023 14:30:00;24,5;29,5;
1785;07/02/2023 14:35:00;24,5;29,5;
1786;07/02/2023 14:40:00;24,5;29,4;
1787;07/02/2023 14:45:00;24,5;29,4;
1788;07/02/2023 14:50:00;24,5;29,5;
1789;07/02/2023 14:55:00;24,5;29,4;
1790;07/02/2023 15:00:00;24,5;29,4;
1791;07/02/2023 15:05:00;24,5;29,4;
1792;07/02/2023 15:10:00;24,5;29,3;
1793;07/02/2023 15:15:00;24,5;29,3;
1794;07/02/2023 15:20:00;24,5;29,3;
1795;07/02/2023 15:25:00;24,5;29,3;
1796;07/02/2023 15:30:00;24,5;29,3;
1797;07/02/2023 15:35:00;24,5;29,2;
1798;07/02/2023 15:40:00;24,5;29,3;
1799;07/02/2023 15:45:00;24,5;29,2;
1800;07/02/2023 15:50:00;24,5;29,3;
1801;07/02/2023 15:55:00;24,5;29,2;
1802;07/02/2023 16:00:00;24,5;29,2;
1803;07/02/2023 16:05:00;24,5;29,1;
1804;07/02/2023 16:10:00;24,5;29,2;
1805;07/02/2023 16:15:00;24,5;29,1;
1806;07/02/2023 16:20:00;24,4;29,1;
1807;07/02/2023 16:25:00;24,4;29,2;
1808;07/02/2023 16:30:00;24,4;29,1;
1809;07/02/2023 16:35:00;24,4;29,1;
1810;07/02/2023 16:40:00;24,4;29,1;
1811;07/02/2023 16:45:00;24,4;29,1;
1812;07/02/2023 16:50:00;24,3;29,1;
1813;07/02/2023 16:55:00;24,3;29,1;
1814;07/02/2023 17:00:00;24,3;29,1;
1815;07/02/2023 17:05:00;24,2;29,2;
1816;07/02/2023 17:10:00;24,2;29,2;
1817;07/02/2023 17:15:00;24,2;29,3;
1818;07/02/2023 17:20:00;24,2;29,3;
1819;07/02/2023 17:25:00;24,2;29,4;
1820;07/02/2023 17:30:00;24,2;29,5;
1821;07/02/2023 17:35:00;24,1;29,3;
1822;07/02/2023 17:40:00;24,1;29,4;
1823;07/02/2023 17:45:00;24,1;29,4;
1824;07/02/2023 17:50:00;24;29,4;
1825;07/02/2023 17:55:00;24;29,4;
1826;07/02/2023 18:00:00;23,9;29,4;
1827;07/02/2023 18:05:00;23,9;29,3;
1828;07/02/2023 18:10:00;23,9;29,2;
1829;07/02/2023 18:15:00;23,9;29,2;
1830;07/02/2023 18:20:00;23,8;29,2;
1831;07/02/2023 18:25:00;23,8;29,2;
1832;07/02/2023 18:30:00;23,8;29,2;
1833;07/02/2023 18:35:00;23,7;29,1;
1834;07/02/2023 18:40:00;23,7;29,1;
1835;07/02/2023 18:45:00;23,7;29,2;
1836;07/02/2023 18:50:00;23,7;29,1;
1837;07/02/2023 18:55:00;23,6;29;
1838;07/02/2023 19:00:00;23,6;29,1;
1839;07/02/2023 19:05:00;23,6;29;
1840;07/02/2023 19:10:00;23,6;28,9;
1841;07/02/2023 19:15:00;23,6;28,9;
1842;07/02/2023 19:20:00;23,6;28,9;
1843;07/02/2023 19:25:00;23,5;29;
1844;07/02/2023 19:30:00;23,5;28,9;
1845;07/02/2023 19:35:00;23,5;28,9;
1846;07/02/2023 19:40:00;23,5;28,9;
1847;07/02/2023 19:45:00;23,5;28,9;
1848;07/02/2023 19:50:00;23,5;28,9;
1849;07/02/2023 19:55:00;23,5;28,9;
1850;07/02/2023 20:00:00;23,5;28,9;
1851;07/02/2023 20:05:00;23,4;28,9;
1852;07/02/2023 20:10:00;23,4;28,9;
1853;07/02/2023 20:15:00;23,4;28,9;
1854;07/02/2023 20:20:00;23,4;28,9;
1855;07/02/2023 20:25:00;23,4;28,9;
1856;07/02/2023 20:30:00;23,4;28,9;
1857;07/02/2023 20:35:00;23,4;28,9;
1858;07/02/2023 20:40:00;23,4;28,9;
1859;07/02/2023 20:45:00;23,3;29;
1860;07/02/2023 20:50:00;23,3;29;
1861;07/02/2023 20:55:00;23,3;29;
1862;07/02/2023 21:00:00;23,3;29;
1863;07/02/2023 21:05:00;23,3;29;
1864;07/02/2023 21:10:00;23,3;29;
1865;07/02/2023 21:15:00;23,4;29;
1866;07/02/2023 21:20:00;23,4;29;
1867;07/02/2023 21:25:00;23,4;28,9;
1868;07/02/2023 21:30:00;23,4;28,9;
1869;07/02/2023 21:35:00;23,4;28,8;
1870;07/02/2023 21:40:00;23,4;28,8;
1871;07/02/2023 21:45:00;23,4;28,8;
1872;07/02/2023 21:50:00;23,4;28,9;
1873;07/02/2023 21:55:00;23,4;28,8;
1874;07/02/2023 22:00:00;23,4;28,9;
1875;07/02/2023 22:05:00;23,4;28,9;
1876;07/02/2023 22:10:00;23,4;28,9;
1877;07/02/2023 22:15:00;23,4;28,9;
1878;07/02/2023 22:20:00;23,3;28,9;
1879;07/02/2023 22:25:00;23,3;28,9;
1880;07/02/2023 22:30:00;23,3;28,9;
1881;07/02/2023 22:35:00;23,3;28,9;
1882;07/02/2023 22:40:00;23,3;28,9;
1883;07/02/2023 22:45:00;23,3;28,9;
1884;07/02/2023 22:50:00;23,3;28,9;
1885;07/02/2023 22:55:00;23,3;28,9;
1886;07/02/2023 23:00:00;23,3;28,9;
1887;07/02/2023 23:05:00;23,2;28,9;
1888;07/02/2023 23:10:00;23,2;28,9;
1889;07/02/2023 23:15:00;23,2;28,9;
1890;07/02/2023 23:20:00;23,2;29;
1891;07/02/2023 23:25:00;23,2;28,9;
1892;07/02/2023 23:30:00;23,2;29;
1893;07/02/2023 23:35:00;23,2;29;
1894;07/02/2023 23:40:00;23,2;28,9;
1895;07/02/2023 23:45:00;23,2;28,9;
1896;07/02/2023 23:50:00;23,2;29;
1897;07/02/2023 23:55:00;23,2;28,9;
1898;08/02/2023 00:00:00;23,2;28,9;
1899;08/02/2023 00:05:00;23,2;28,9;
1900;08/02/2023 00:10:00;23,2;28,9;
1901;08/02/2023 00:15:00;23,2;28,9;
1902;08/02/2023 00:20:00;23,2;28,9;
1903;08/02/2023 00:25:00;23,2;28,9;
1904;08/02/2023 00:30:00;23,2;28,9;
1905;08/02/2023 00:35:00;23,2;28,8;
1906;08/02/2023 00:40:00;23,2;28,8;
1907;08/02/2023 00:45:00;23,2;28,8;
1908;08/02/2023 00:50:00;23,2;28,8;
1909;08/02/2023 00:55:00;23,2;28,8;
1910;08/02/2023 01:00:00;23,2;28,8;
1911;08/02/2023 01:05:00;23,2;28,8;
1912;08/02/2023 01:10:00;23,2;28,7;
1913;08/02/2023 01:15:00;23,2;28,8;
1914;08/02/2023 01:20:00;23,1;28,8;
1915;08/02/2023 01:25:00;23,1;28,8;
1916;08/02/2023 01:30:00;23,1;28,8;
1917;08/02/2023 01:35:00;23,1;28,7;
1918;08/02/2023 01:40:00;23,1;28,8;
1919;08/02/2023 01:45:00;23,1;28,7;
1920;08/02/2023 01:50:00;23,1;28,7;
1921;08/02/2023 01:55:00;23,1;28,7;
1922;08/02/2023 02:00:00;23,1;28,7;
1923;08/02/2023 02:05:00;23,1;28,7;
1924;08/02/2023 02:10:00;23,1;28,7;
1925;08/02/2023 02:15:00;23,1;28,7;
1926;08/02/2023 02:20:00;23,1;28,7;
1927;08/02/2023 02:25:00;23,1;28,7;
1928;08/02/2023 02:30:00;23,1;28,7;
1929;08/02/2023 02:35:00;23,1;28,7;
1930;08/02/2023 02:40:00;23,1;28,7;
1931;08/02/2023 02:45:00;23,1;28,6;
1932;08/02/2023 02:50:00;23,1;28,6;
1933;08/02/2023 02:55:00;23,1;28,6;
1934;08/02/2023 03:00:00;23,1;28,6;
1935;08/02/2023 03:05:00;23,1;28,6;
1936;08/02/2023 03:10:00;23,2;28,5;
1937;08/02/2023 03:15:00;23,2;28,5;
1938;08/02/2023 03:20:00;23,2;28,5;
1939;08/02/2023 03:25:00;23,2;28,5;
1940;08/02/2023 03:30:00;23,2;28,4;
1941;08/02/2023 03:35:00;23,2;28,5;
1942;08/02/2023 03:40:00;23,2;28,5;
1943;08/02/2023 03:45:00;23,2;28,5;
1944;08/02/2023 03:50:00;23,2;28,5;
1945;08/02/2023 03:55:00;23,2;28,5;
1946;08/02/2023 04:00:00;23,1;28,5;
1947;08/02/2023 04:05:00;23,1;28,5;
1948;08/02/2023 04:10:00;23,1;28,5;
1949;08/02/2023 04:15:00;23,1;28,4;
1950;08/02/2023 04:20:00;23,1;28,4;
1951;08/02/2023 04:25:00;23,1;28,4;
1952;08/02/2023 04:30:00;23,1;28,4;
1953;08/02/2023 04:35:00;23,1;28,4;
1954;08/02/2023 04:40:00;23,1;28,4;
1955;08/02/2023 04:45:00;23,1;28,3;
1956;08/02/2023 04:50:00;23,1;28,3;
1957;08/02/2023 04:55:00;23,1;28,3;
1958;08/02/2023 05:00:00;23,1;28,3;
1959;08/02/2023 05:05:00;23,1;28,2;
1960;08/02/2023 05:10:00;23,1;28,2;
1961;08/02/2023 05:15:00;23,2;28,2;
1962;08/02/2023 05:20:00;23,1;28,2;
1963;08/02/2023 05:25:00;23,1;28,1;
1964;08/02/2023 05:30:00;23,1;28,1;
1965;08/02/2023 05:35:00;23,1;28;
1966;08/02/2023 05:40:00;23,1;28;
1967;08/02/2023 05:45:00;23,1;28;
1968;08/02/2023 05:50:00;23,1;27,9;
1969;08/02/2023 05:55:00;23,1;27,9;
1970;08/02/2023 06:00:00;23,1;27,9;
1971;08/02/2023 06:05:00;23,1;27,9;
1972;08/02/2023 06:10:00;23,1;27,9;
1973;08/02/2023 06:15:00;23,1;27,8;
1974;08/02/2023 06:20:00;23,1;27,8;
1975;08/02/2023 06:25:00;23,1;27,7;
1976;08/02/2023 06:30:00;23,1;27,7;
1977;08/02/2023 06:35:00;23,1;27,7;
1978;08/02/2023 06:40:00;23,1;27,7;
1979;08/02/2023 06:45:00;23,1;27,7;
1980;08/02/2023 06:50:00;23,1;27,6;
1981;08/02/2023 06:55:00;23,1;27,6;
1982;08/02/2023 07:00:00;23,1;27,6;
1983;08/02/2023 07:05:00;23,1;27,6;
1984;08/02/2023 07:10:00;23,1;27,5;
1985;08/02/2023 07:15:00;23,1;27,5;
1986;08/02/2023 07:20:00;23,1;27,6;
1987;08/02/2023 07:25:00;23,1;27,6;
1988;08/02/2023 07:30:00;23,1;27,6;
1989;08/02/2023 07:35:00;23,2;27,7;
1990;08/02/2023 07:40:00;23,2;27,6;
1991;08/02/2023 07:45:00;23,1;27,7;
1992;08/02/2023 07:50:00;23,1;27,7;
1993;08/02/2023 07:55:00;23,1;27,7;
1994;08/02/2023 08:00:00;23,1;27,7;
1995;08/02/2023 08:05:00;23,1;27,7;
1996;08/02/2023 08:10:00;23,1;27,7;
1997;08/02/2023 08:15:00;23,1;27,7;
1998;08/02/2023 08:20:00;23,1;27,6;
1999;08/02/2023 08:25:00;23,1;27,6;
2000;08/02/2023 08:30:00;23,1;27,5;
2001;08/02/2023 08:35:00;23,2;27,5;
2002;08/02/2023 08:40:00;23,2;27,4;
2003;08/02/2023 08:45:00;23,3;27,4;
2004;08/02/2023 08:50:00;23,3;27,3;
2005;08/02/2023 08:55:00;23,3;27,3;
2006;08/02/2023 09:00:00;23,4;27,3;
2007;08/02/2023 09:05:00;23,4;27,3;
2008;08/02/2023 09:10:00;23,4;27,2;
2009;08/02/2023 09:15:00;23,5;27,1;
2010;08/02/2023 09:20:00;23,5;27,1;
2011;08/02/2023 09:25:00;23,5;27;
2012;08/02/2023 09:30:00;23,6;27,1;
2013;08/02/2023 09:35:00;23,6;27;
2014;08/02/2023 09:40:00;23,6;27;
2015;08/02/2023 09:45:00;23,6;27;
2016;08/02/2023 09:50:00;23,6;26,9;
2017;08/02/2023 09:55:00;23,7;26,8;
2018;08/02/2023 10:00:00;23,7;26,8;
2019;08/02/2023 10:05:00;23,7;26,8;
2020;08/02/2023 10:10:00;23,8;26,8;
2021;08/02/2023 10:15:00;23,8;26,7;
2022;08/02/2023 10:20:00;23,8;26,7;
2023;08/02/2023 10:25:00;23,9;26,7;
2024;08/02/2023 10:30:00;23,9;26,7;
2025;08/02/2023 10:35:00;23,9;26,7;
2026;08/02/2023 10:40:00;23,9;26,6;
2027;08/02/2023 10:45:00;23,9;26,6;
2028;08/02/2023 10:50:00;24;26,6;
2029;08/02/2023 10:55:00;24;26,5;
2030;08/02/2023 11:00:00;24,1;26,4;
2031;08/02/2023 11:05:00;24,1;26,4;
2032;08/02/2023 11:10:00;24,1;26,4;
2033;08/02/2023 11:15:00;24,1;26,4;
2034;08/02/2023 11:20:00;24,2;26,4;
2035;08/02/2023 11:25:00;24,2;26,4;
2036;08/02/2023 11:30:00;24,2;26,4;
2037;08/02/2023 11:35:00;24,2;26,3;
2038;08/02/2023 11:40:00;24,3;26,3;
2039;08/02/2023 11:45:00;24,3;26,2;
2040;08/02/2023 11:50:00;24,3;26,3;
2041;08/02/2023 11:55:00;24,4;26,3;
2042;08/02/2023 12:00:00;24,4;26,3;
2043;08/02/2023 12:05:00;24,4;26,3;
2044;08/02/2023 12:10:00;24,4;26,3;
2045;08/02/2023 12:15:00;24,4;26,4;
2046;08/02/2023 12:20:00;24,5;26,4;
2047;08/02/2023 12:25:00;24,5;26,4;
2048;08/02/2023 12:30:00;24,5;26,4;
2049;08/02/2023 12:35:00;24,5;26,5;
2050;08/02/2023 12:40:00;24,6;26,4;
2051;08/02/2023 12:45:00;24,6;26,5;
2052;08/02/2023 12:50:00;24,6;26,5;
2053;08/02/2023 12:55:00;24,7;26,4;
2054;08/02/2023 13:00:00;24,7;26,3;
2055;08/02/2023 13:05:00;24,7;26,3;
2056;08/02/2023 13:10:00;24,7;26,2;
2057;08/02/2023 13:15:00;24,7;26,2;
2058;08/02/2023 13:20:00;24,7;26,2;
2059;08/02/2023 13:25:00;24,8;26,1;
2060;08/02/2023 13:30:00;24,8;26,1;
2061;08/02/2023 13:35:00;24,8;26,1;
2062;08/02/2023 13:40:00;24,9;26,1;
2063;08/02/2023 13:45:00;24,9;25,7;
2064;08/02/2023 13:50:00;24,9;25,1;
2065;08/02/2023 13:55:00;24,9;24,5;
2066;08/02/2023 14:00:00;24,9;24,4;
2067;08/02/2023 14:05:00;25;24,2;
2068;08/02/2023 14:10:00;25;24,4;
2069;08/02/2023 14:15:00;25;24,1;
2070;08/02/2023 14:20:00;25,1;24,5;
2071;08/02/2023 14:25:00;25,1;24,6;
2072;08/02/2023 14:30:00;25,1;24,6;
2073;08/02/2023 14:35:00;25,1;24,5;
2074;08/02/2023 14:40:00;25,1;24,5;
2075;08/02/2023 14:45:00;25,1;24,5;
2076;08/02/2023 14:50:00;25,1;24,4;
2077;08/02/2023 14:55:00;25,1;24,5;
2078;08/02/2023 15:00:00;25,1;24,5;
2079;08/02/2023 15:05:00;25,2;24,3;
2080;08/02/2023 15:10:00;25,1;24,5;
2081;08/02/2023 15:15:00;25,2;24,7;
2082;08/02/2023 15:20:00;25,2;24,7;
2083;08/02/2023 15:25:00;25,2;24,7;
2084;08/02/2023 15:30:00;25,2;24,7;
2085;08/02/2023 15:35:00;25,2;24,6;
2086;08/02/2023 15:40:00;25,1;24,7;
2087;08/02/2023 15:45:00;25,1;24,7;
2088;08/02/2023 15:50:00;25,1;24,6;
2089;08/02/2023 15:55:00;25,1;24,6;
2090;08/02/2023 16:00:00;25,1;24,7;
2091;08/02/2023 16:05:00;25,1;24,7;
2092;08/02/2023 16:10:00;25,1;24,7;
2093;08/02/2023 16:15:00;25,1;24,7;
2094;08/02/2023 16:20:00;25,1;24,6;
2095;08/02/2023 16:25:00;25;24,5;
2096;08/02/2023 16:30:00;25;24,6;
2097;08/02/2023 16:35:00;25;24,5;
2098;08/02/2023 16:40:00;25;24,5;
2099;08/02/2023 16:45:00;24,9;24,5;
2100;08/02/2023 16:50:00;24,9;24,5;
2101;08/02/2023 16:55:00;24,9;24,5;
2102;08/02/2023 17:00:00;24,9;24,5;
2103;08/02/2023 17:05:00;24,9;24,4;
2104;08/02/2023 17:10:00;24,8;24,5;
2105;08/02/2023 17:15:00;24,8;24,4;
2106;08/02/2023 17:20:00;24,8;24,5;
2107;08/02/2023 17:25:00;24,7;24,5;
2108;08/02/2023 17:30:00;24,7;24,6;
2109;08/02/2023 17:35:00;24,7;24,5;
2110;08/02/2023 17:40:00;24,6;24,5;
2111;08/02/2023 17:45:00;24,6;24,5;
2112;08/02/2023 17:50:00;24,5;24,5;
2113;08/02/2023 17:55:00;24,5;24,6;
2114;08/02/2023 18:00:00;24,4;24,6;
2115;08/02/2023 18:05:00;24,4;24,7;
2116;08/02/2023 18:10:00;24,4;24,6;
2117;08/02/2023 18:15:00;24,3;24,7;
2118;08/02/2023 18:20:00;24,3;24,9;
2119;08/02/2023 18:25:00;24,3;24,9;
2120;08/02/2023 18:30:00;24,3;24,9;
2121;08/02/2023 18:35:00;24,2;24,9;
2122;08/02/2023 18:40:00;24,2;24,9;
2123;08/02/2023 18:45:00;24,2;24,9;
2124;08/02/2023 18:50:00;24,1;24,9;
2125;08/02/2023 18:55:00;24,1;24,9;
2126;08/02/2023 19:00:00;24,1;24,9;
2127;08/02/2023 19:05:00;24,1;24,9;
2128;08/02/2023 19:10:00;24;25;
2129;08/02/2023 19:15:00;24;25;
2130;08/02/2023 19:20:00;24;25;
2131;08/02/2023 19:25:00;24;25;
2132;08/02/2023 19:30:00;24;25;
2133;08/02/2023 19:35:00;24;25;
2134;08/02/2023 19:40:00;23,9;25,1;
2135;08/02/2023 19:45:00;23,9;25;
2136;08/02/2023 19:50:00;23,9;25,1;
2137;08/02/2023 19:55:00;23,9;25,1;
2138;08/02/2023 20:00:00;23,9;25,1;
2139;08/02/2023 20:05:00;23,9;25,2;
2140;08/02/2023 20:10:00;23,8;25,2;
2141;08/02/2023 20:15:00;23,8;25,2;
2142;08/02/2023 20:20:00;23,8;25,2;
2143;08/02/2023 20:25:00;23,8;25,3;
2144;08/02/2023 20:30:00;23,8;25,3;
2145;08/02/2023 20:35:00;23,8;25,3;
2146;08/02/2023 20:40:00;23,8;25,3;
2147;08/02/2023 20:45:00;23,8;25,3;
2148;08/02/2023 20:50:00;23,7;25,4;
2149;08/02/2023 20:55:00;23,7;25,4;
2150;08/02/2023 21:00:00;23,7;25,4;
2151;08/02/2023 21:05:00;23,7;25,3;
2152;08/02/2023 21:10:00;23,7;25,4;
2153;08/02/2023 21:15:00;23,7;25,4;
2154;08/02/2023 21:20:00;23,7;25,4;
2155;08/02/2023 21:25:00;23,7;25,4;
2156;08/02/2023 21:30:00;23,7;25,4;
2157;08/02/2023 21:35:00;23,7;25,4;
2158;08/02/2023 21:40:00;23,7;25,4;
2159;08/02/2023 21:45:00;23,7;25,5;
2160;08/02/2023 21:50:00;23,7;25,5;
2161;08/02/2023 21:55:00;23,6;25,5;
2162;08/02/2023 22:00:00;23,6;25,5;
2163;08/02/2023 22:05:00;23,6;25,5;
2164;08/02/2023 22:10:00;23,6;25,5;
2165;08/02/2023 22:15:00;23,7;25,4;
2166;08/02/2023 22:20:00;23,6;25,4;
2167;08/02/2023 22:25:00;23,6;25,4;
2168;08/02/2023 22:30:00;23,6;25,4;
2169;08/02/2023 22:35:00;23,6;25,4;
2170;08/02/2023 22:40:00;23,6;25,4;
2171;08/02/2023 22:45:00;23,6;25,5;
2172;08/02/2023 22:50:00;23,6;25,4;
2173;08/02/2023 22:55:00;23,6;25,5;
2174;08/02/2023 23:00:00;23,6;25,5;
2175;08/02/2023 23:05:00;23,6;25,5;
2176;08/02/2023 23:10:00;23,6;25,4;
2177;08/02/2023 23:15:00;23,5;25,5;
2178;08/02/2023 23:20:00;23,5;25,4;
2179;08/02/2023 23:25:00;23,5;25,4;
2180;08/02/2023 23:30:00;23,5;25,4;
2181;08/02/2023 23:35:00;23,5;25,5;
2182;08/02/2023 23:40:00;23,5;25,5;
2183;08/02/2023 23:45:00;23,5;25,4;
2184;08/02/2023 23:50:00;23,5;25,5;
2185;08/02/2023 23:55:00;23,5;25,4;
2186;09/02/2023 00:00:00;23,5;25,4;
2187;09/02/2023 00:05:00;23,5;25,4;
2188;09/02/2023 00:10:00;23,5;25,4;
2189;09/02/2023 00:15:00;23,5;25,5;
2190;09/02/2023 00:20:00;23,5;25,4;
2191;09/02/2023 00:25:00;23,5;25,4;
2192;09/02/2023 00:30:00;23,5;25,4;
2193;09/02/2023 00:35:00;23,5;25,4;
2194;09/02/2023 00:40:00;23,5;25,4;
2195;09/02/2023 00:45:00;23,5;25,4;
2196;09/02/2023 00:50:00;23,5;25,4;
2197;09/02/2023 00:55:00;23,5;25,4;
2198;09/02/2023 01:00:00;23,5;25,4;
2199;09/02/2023 01:05:00;23,4;25,4;
2200;09/02/2023 01:10:00;23,4;25,4;
2201;09/02/2023 01:15:00;23,4;25,4;
2202;09/02/2023 01:20:00;23,4;25,4;
2203;09/02/2023 01:25:00;23,4;25,4;
2204;09/02/2023 01:30:00;23,4;25,4;
2205;09/02/2023 01:35:00;23,4;25,4;
2206;09/02/2023 01:40:00;23,4;25,3;
2207;09/02/2023 01:45:00;23,4;25,3;
2208;09/02/2023 01:50:00;23,4;25,3;
2209;09/02/2023 01:55:00;23,4;25,3;
2210;09/02/2023 02:00:00;23,4;25,3;
2211;09/02/2023 02:05:00;23,4;25,2;
2212;09/02/2023 02:10:00;23,4;25,2;
2213;09/02/2023 02:15:00;23,4;25,2;
2214;09/02/2023 02:20:00;23,4;25,2;
2215;09/02/2023 02:25:00;23,4;25,1;
2216;09/02/2023 02:30:00;23,4;25,1;
2217;09/02/2023 02:35:00;23,4;25;
2218;09/02/2023 02:40:00;23,4;25,1;
2219;09/02/2023 02:45:00;23,4;25;
2220;09/02/2023 02:50:00;23,4;25;
2221;09/02/2023 02:55:00;23,4;25;
2222;09/02/2023 03:00:00;23,4;25;
2223;09/02/2023 03:05:00;23,4;25;
2224;09/02/2023 03:10:00;23,4;25;
2225;09/02/2023 03:15:00;23,4;25;
2226;09/02/2023 03:20:00;23,4;24,9;
2227;09/02/2023 03:25:00;23,4;24,9;
2228;09/02/2023 03:30:00;23,4;24,8;
2229;09/02/2023 03:35:00;23,4;24,8;
2230;09/02/2023 03:40:00;23,4;24,7;
2231;09/02/2023 03:45:00;23,4;24,7;
2232;09/02/2023 03:50:00;23,4;24,7;
2233;09/02/2023 03:55:00;23,4;24,7;
2234;09/02/2023 04:00:00;23,4;24,7;
2235;09/02/2023 04:05:00;23,4;24,7;
2236;09/02/2023 04:10:00;23,4;24,7;
2237;09/02/2023 04:15:00;23,4;24,6;
2238;09/02/2023 04:20:00;23,4;24,6;
2239;09/02/2023 04:25:00;23,4;24,6;
2240;09/02/2023 04:30:00;23,4;24,4;
2241;09/02/2023 04:35:00;23,4;24,4;
2242;09/02/2023 04:40:00;23,4;24,4;
2243;09/02/2023 04:45:00;23,4;24,4;
2244;09/02/2023 04:50:00;23,4;24,3;
2245;09/02/2023 04:55:00;23,4;24,3;
2246;09/02/2023 05:00:00;23,4;24,2;
2247;09/02/2023 05:05:00;23,4;24,1;
2248;09/02/2023 05:10:00;23,4;24,1;
2249;09/02/2023 05:15:00;23,4;24,1;
2250;09/02/2023 05:20:00;23,4;24;
2251;09/02/2023 05:25:00;23,4;24,1;
2252;09/02/2023 05:30:00;23,4;24;
2253;09/02/2023 05:35:00;23,4;24;
2254;09/02/2023 05:40:00;23,4;24;
2255;09/02/2023 05:45:00;23,4;24;
2256;09/02/2023 05:50:00;23,4;23,9;
2257;09/02/2023 05:55:00;23,4;24;
2258;09/02/2023 06:00:00;23,4;23,9;
2259;09/02/2023 06:05:00;23,4;23,8;
2260;09/02/2023 06:10:00;23,4;23,9;
2261;09/02/2023 06:15:00;23,4;23,8;
2262;09/02/2023 06:20:00;23,4;23,8;
2263;09/02/2023 06:25:00;23,4;23,9;
2264;09/02/2023 06:30:00;23,4;23,9;
2265;09/02/2023 06:35:00;23,4;23,9;
2266;09/02/2023 06:40:00;23,4;23,9;
2267;09/02/2023 06:45:00;23,4;23,8;
2268;09/02/2023 06:50:00;23,4;23,7;
2269;09/02/2023 06:55:00;23,4;23,8;
2270;09/02/2023 07:00:00;23,4;23,8;
2271;09/02/2023 07:05:00;23,4;23,8;
2272;09/02/2023 07:10:00;23,4;23,8;
2273;09/02/2023 07:15:00;23,4;23,9;
2274;09/02/2023 07:20:00;23,4;23,9;
2275;09/02/2023 07:25:00;23,4;23,9;
2276;09/02/2023 07:30:00;23,4;24;
2277;09/02/2023 07:35:00;23,4;24,1;
2278;09/02/2023 07:40:00;23,4;24,2;
2279;09/02/2023 07:45:00;23,4;24,3;
2280;09/02/2023 07:50:00;23,4;24,4;
2281;09/02/2023 07:55:00;23,3;24,5;
2282;09/02/2023 08:00:00;23,4;25,8;
2283;09/02/2023 08:05:00;23,4;24,7;
2284;09/02/2023 08:10:00;23,4;24,7;
2285;09/02/2023 08:15:00;23,4;24,8;
2286;09/02/2023 08:20:00;23,4;24,8;
2287;09/02/2023 08:25:00;23,4;24,8;
2288;09/02/2023 08:30:00;23,4;24,7;
2289;09/02/2023 08:35:00;23,4;24,7;
2290;09/02/2023 08:40:00;23,4;24,7;
2291;09/02/2023 08:45:00;23,5;24,6;
2292;09/02/2023 08:50:00;23,5;24,5;
2293;09/02/2023 08:55:00;23,5;24,5;
2294;09/02/2023 09:00:00;23,5;24,5;
2295;09/02/2023 09:05:00;23,5;24,4;
2296;09/02/2023 09:10:00;23,6;24,3;
2297;09/02/2023 09:15:00;23,6;24,3;
2298;09/02/2023 09:20:00;23,6;24,2;
2299;09/02/2023 09:25:00;23,6;24,2;
2300;09/02/2023 09:30:00;23,7;24,2;
2301;09/02/2023 09:35:00;23,7;24,2;
2302;09/02/2023 09:40:00;23,7;24;
2303;09/02/2023 09:45:00;23,8;24,1;
2304;09/02/2023 09:50:00;23,8;24,6;
2305;09/02/2023 09:55:00;23,9;24,4;
2306;09/02/2023 10:00:00;23,9;24,2;
2307;09/02/2023 10:05:00;23,9;24,2;
2308;09/02/2023 10:10:00;24,5;24,9;
2309;09/02/2023 10:15:00;24;37,8;
2310;09/02/2023 10:20:00;23,6;42;
2311;09/02/2023 10:25:00;23,4;37,2;
2312;09/02/2023 10:30:00;22,8;37,7;
2313;09/02/2023 10:35:00;21,9;40,2;
2314;09/02/2023 10:40:00;21,1;41,5;
2315;09/02/2023 10:45:00;20,5;42,2;
2316;09/02/2023 10:50:00;20;43;
2317;09/02/2023 10:55:00;19,6;43,5;
2318;09/02/2023 11:00:00;19,2;44;
2319;09/02/2023 11:05:00;18,8;44,5;
2320;09/02/2023 11:10:00;18,5;44,8;
2321;09/02/2023 11:15:00;18,3;45,2;
2322;09/02/2023 11:20:00;18,1;42,6;
2323;09/02/2023 11:25:00;18,1;44,3;
2324;09/02/2023 11:30:00;18,1;44,6;
2325;09/02/2023 11:35:00;18,1;50,4;
2326;09/02/2023 11:40:00;18,8;44,6;
2327;09/02/2023 11:45:00;19;44,4;
2328;09/02/2023 11:50:00;19,1;44;
2329;09/02/2023 11:55:00;19,2;44,1;
2330;09/02/2023 12:00:00;19,4;52;
